,0
0,-67.62172
1,-67.43313
2,-66.9048
3,-66.078384
4,-64.986946
5,-63.6597
6,-62.126945
7,-60.421467
8,-58.580822
9,-56.644737
10,-54.653545
11,-52.643524
12,-50.647964
13,-48.696854
14,-46.821434
15,-45.05092
16,-43.406853
17,-41.89474
18,-40.491524
19,-39.163956
20,-37.873528
21,-36.589867
22,-35.296333
23,-33.995285
24,-32.69613
25,-31.417913
26,-30.18332
27,-29.010683
28,-27.919378
29,-26.918215
30,-26.01815
31,-25.219585
32,-24.521952
33,-23.924643
34,-23.42313
35,-23.009413
36,-22.679531
37,-22.426767
38,-22.241858
39,-22.122513
40,-22.059326
41,-22.04762
42,-22.082722
43,-22.157618
44,-22.265265
45,-22.405699
46,-22.571873
47,-22.759098
48,-22.964977
49,-23.18244
50,-23.413784
51,-23.651884
52,-23.894358
53,-24.138784
54,-24.385078
55,-24.628544
56,-24.86681
57,-25.102163
58,-25.329952
59,-25.550205
60,-25.762909
61,-25.965816
62,-26.161264
63,-26.34474
64,-26.516336
65,-26.68062
66,-26.833166
67,-26.974075
68,-27.105652
69,-27.227955
70,-27.338842
71,-27.440603
72,-27.535494
73,-27.619171
74,-27.693897
75,-27.761902
76,-27.82322
77,-27.8757
78,-27.921568
79,-27.960829
80,-27.995691
81,-28.024
82,-28.047928
83,-28.067507
84,-28.082716
85,-28.093578
86,-28.1001
87,-28.104439
88,-28.106607
89,-28.104439
90,-28.102264
91,-28.097921
92,-28.08924
93,-28.082716
94,-28.071846
95,-28.060978
96,-28.0501
97,-28.039228
98,-28.026175
99,-28.013113
100,-28.00005
101,-27.98916
102,-27.976084
103,-27.96301
104,-27.949924
105,-27.939016
106,-27.925928
107,-27.915016
108,-27.9041
109,-27.893183
110,-27.884443
111,-27.873518
112,-27.864775
113,-27.856026
114,-27.849464
115,-27.840727
116,-27.83416
117,-27.827602
118,-27.82322
119,-27.816658
120,-27.812279
121,-27.807907
122,-27.805714
123,-27.801327
124,-27.799139
125,-27.79477
126,-27.79258
127,-27.79258
128,-27.79039
129,-27.788187
130,-27.788187
131,-27.786005
132,-27.786005
133,-27.786005
134,-27.786005
135,-27.786005
136,-27.786005
137,-27.786005
138,-27.786005
139,-27.786005
140,-27.786005
141,-27.788187
142,-27.788187
143,-27.788187
144,-27.79039
145,-27.79039
146,-27.79039
147,-27.79258
148,-27.79258
149,-27.79258
150,-27.79477
151,-27.79477
152,-27.79477
153,-27.796953
154,-27.796953
155,-27.796953
156,-27.796953
157,-27.799139
158,-27.799139
159,-27.799139
160,-27.799139
161,-27.801327
162,-27.801327
163,-27.801327
164,-27.801327
165,-27.801327
166,-27.801327
167,-27.803526
168,-27.803526
169,-27.803526
170,-27.803526
171,-27.803526
172,-27.803526
173,-27.803526
174,-27.803526
175,-27.803526
176,-27.803526
177,-27.803526
178,-27.803526
179,-27.803526
180,-27.803526
181,-27.803526
182,-27.803526
183,-27.803526
184,-27.803526
185,-27.803526
186,-27.803526
187,-27.803526
188,-27.803526
189,-27.803526
190,-27.803526
191,-27.803526
192,-27.803526
193,-27.803526
194,-27.803526
195,-27.803526
196,-27.803526
197,-27.803526
198,-27.803526
199,-27.803526
200,-27.803526
201,-27.803526
202,-27.803526
203,-27.803526
204,-27.803526
205,-27.803526
206,-27.803526
207,-27.803526
208,-27.803526
209,-27.803526
210,-27.803526
211,-27.803526
212,-27.803526
213,-27.803526
214,-27.803526
215,-27.803526
216,-27.803526
217,-27.803526
218,-27.803526
219,-27.803526
220,-27.803526
221,-27.803526
222,-27.803526
223,-27.803526
224,-27.803526
225,-27.803526
226,-27.803526
227,-27.803526
228,-27.803526
229,-27.803526
230,-27.803526
231,-27.803526
232,-27.803526
233,-27.803526
234,-27.803526
235,-27.803526
236,-27.803526
237,-27.803526
238,-27.803526
239,-27.803526
240,-27.803526
241,-27.803526
242,-27.803526
243,-27.803526
244,-27.803526
245,-27.803526
246,-27.803526
247,-27.803526
248,-27.803526
249,-27.803526
250,-82.02253
251,-81.82716
252,-81.27375
253,-80.405045
254,-79.246155
255,-77.82076
256,-76.1582
257,-74.29003
258,-72.25298
259,-70.09581
260,-67.87194
261,-65.629974
262,-63.422615
263,-61.29774
264,-59.285854
265,-57.41904
266,-55.714886
267,-54.183636
268,-52.826042
269,-51.63303
270,-50.5949
271,-49.69287
272,-48.91281
273,-48.2358
274,-47.650402
275,-47.142105
276,-46.70016
277,-46.316975
278,-45.98342
279,-45.694065
280,-45.444603
281,-45.22958
282,-45.047245
283,-44.893368
284,-44.765114
285,-44.660873
286,-44.57734
287,-44.51421
288,-44.468422
289,-44.4389
290,-44.422737
291,-44.419888
292,-44.42844
293,-44.447475
294,-44.47414
295,-44.509438
296,-44.55053
297,-44.59746
298,-44.649326
299,-44.70423
300,-44.762207
301,-44.82329
302,-44.88459
303,-44.948082
304,-45.010853
305,-45.07386
306,-45.137142
307,-45.198696
308,-45.25953
309,-45.3186
310,-45.374905
311,-45.43043
312,-45.483143
313,-45.53402
314,-45.58203
315,-45.627132
316,-45.66931
317,-45.70956
318,-45.746822
319,-45.782124
320,-45.8144
321,-45.84362
322,-45.870827
323,-45.89493
324,-45.916992
325,-45.93699
326,-45.95491
327,-45.970734
328,-45.98447
329,-45.996113
330,-46.005634
331,-46.01411
332,-46.02154
333,-46.0279
334,-46.03215
335,-46.035336
336,-46.037457
337,-46.038517
338,-46.038517
339,-46.038517
340,-46.037457
341,-46.03639
342,-46.034267
343,-46.03215
344,-46.02897
345,-46.02578
346,-46.0226
347,-46.018356
348,-46.015175
349,-46.010933
350,-46.007755
351,-46.003517
352,-46.000347
353,-45.996113
354,-45.992935
355,-45.9887
356,-45.985527
357,-45.98236
358,-45.979187
359,-45.976013
360,-45.972847
361,-45.969677
362,-45.967567
363,-45.9644
364,-45.962284
365,-45.960186
366,-45.958065
367,-45.95701
368,-45.95491
369,-45.952793
370,-45.951736
371,-45.950684
372,-45.94963
373,-45.94858
374,-45.94752
375,-45.946465
376,-45.946465
377,-45.945415
378,-45.945415
379,-45.944363
380,-45.944363
381,-45.944363
382,-45.944363
383,-45.944363
384,-45.94331
385,-45.94331
386,-45.94331
387,-45.944363
388,-45.944363
389,-45.944363
390,-45.944363
391,-45.944363
392,-45.944363
393,-45.944363
394,-45.945415
395,-45.945415
396,-45.945415
397,-45.945415
398,-45.945415
399,-45.946465
400,-45.946465
401,-45.946465
402,-45.946465
403,-45.946465
404,-45.94752
405,-45.94752
406,-45.94752
407,-45.94752
408,-45.94752
409,-45.94752
410,-45.94858
411,-45.94858
412,-45.94858
413,-45.94858
414,-45.94858
415,-45.94858
416,-45.94858
417,-45.94858
418,-45.94858
419,-45.94858
420,-45.94858
421,-45.94963
422,-45.94963
423,-45.94963
424,-45.94963
425,-45.94963
426,-45.94963
427,-45.94963
428,-45.94963
429,-45.94963
430,-45.94963
431,-45.94963
432,-45.94963
433,-45.94963
434,-45.94963
435,-45.94963
436,-45.94963
437,-45.94963
438,-45.94963
439,-45.94963
440,-45.94963
441,-45.94963
442,-45.94963
443,-45.94963
444,-45.94963
445,-45.94963
446,-45.94963
447,-45.94963
448,-45.94963
449,-45.94963
450,-45.94963
451,-45.94963
452,-45.94963
453,-45.94963
454,-45.94963
455,-45.94963
456,-45.94963
457,-45.94963
458,-45.94858
459,-45.94858
460,-45.94858
461,-45.94858
462,-45.94858
463,-45.94858
464,-45.94858
465,-45.94858
466,-45.94858
467,-45.94858
468,-45.94858
469,-45.94858
470,-45.94858
471,-45.94858
472,-45.94858
473,-45.94858
474,-45.94858
475,-45.94858
476,-45.94858
477,-45.94858
478,-45.94858
479,-45.94858
480,-45.94858
481,-45.94858
482,-45.94858
483,-45.94858
484,-45.94858
485,-45.94858
486,-45.94858
487,-45.94858
488,-45.94858
489,-45.94858
490,-45.94858
491,-45.94858
492,-45.94858
493,-45.94858
494,-45.94858
495,-45.94858
496,-45.94858
497,-45.94858
498,-45.94858
499,-45.94858
500,53.408585
501,53.54218
502,53.90961
503,54.46212
504,55.138332
505,55.85776
506,56.525684
507,57.04563
508,57.33073
509,57.303722
510,56.89325
511,56.061115
512,54.86444
513,53.458046
514,51.97453
515,50.424683
516,48.719032
517,46.739914
518,44.399937
519,41.680164
520,38.651978
521,35.468594
522,32.320488
523,29.379011
524,26.7564
525,24.498638
526,22.599363
527,21.018398
528,19.709208
529,18.623672
530,17.720448
531,16.968864
532,16.342867
533,15.824275
534,15.399201
535,15.055934
536,14.784026
537,14.577875
538,14.428514
539,14.331797
540,14.280596
541,14.271374
542,14.299053
543,14.35868
544,14.447884
545,14.5609665
546,14.695636
547,14.848782
548,15.017299
549,15.198918
550,15.391372
551,15.591463
552,15.797697
553,16.007643
554,16.221485
555,16.434843
556,16.648685
557,16.861212
558,17.070538
559,17.275616
560,17.476322
561,17.670565
562,17.859121
563,18.039793
564,18.213343
565,18.377487
566,18.534012
567,18.681646
568,18.820139
569,18.949245
570,19.06875
571,19.179504
572,19.281313
573,19.374022
574,19.457464
575,19.533686
576,19.600388
577,19.66076
578,19.712523
579,19.758915
580,19.797667
581,19.830956
582,19.857634
583,19.879898
584,19.896618
585,19.90889
586,19.917818
587,19.922285
588,19.924517
589,19.923399
590,19.920048
591,19.913357
592,19.90554
593,19.896618
594,19.885464
595,19.873219
596,19.859858
597,19.846514
598,19.832067
599,19.817635
600,19.803205
601,19.788803
602,19.774397
603,19.760021
604,19.745644
605,19.731283
606,19.718039
607,19.704798
608,19.692677
609,19.680561
610,19.669556
611,19.65856
612,19.64866
613,19.63878
614,19.629995
615,19.622314
616,19.61464
617,19.60696
618,19.601482
619,19.59491
620,19.589434
621,19.585054
622,19.580675
623,19.577393
624,19.574114
625,19.570831
626,19.568642
627,19.566458
628,19.564272
629,19.563177
630,19.560993
631,19.560993
632,19.5599
633,19.5599
634,19.558805
635,19.558805
636,19.558805
637,19.558805
638,19.5599
639,19.5599
640,19.560993
641,19.560993
642,19.56208
643,19.563177
644,19.563177
645,19.564272
646,19.565363
647,19.566458
648,19.566458
649,19.567545
650,19.568642
651,19.56974
652,19.56974
653,19.570831
654,19.571924
655,19.571924
656,19.573019
657,19.574114
658,19.574114
659,19.575205
660,19.575205
661,19.5763
662,19.5763
663,19.5763
664,19.577393
665,19.577393
666,19.578484
667,19.578484
668,19.578484
669,19.578484
670,19.578484
671,19.579586
672,19.579586
673,19.579586
674,19.579586
675,19.579586
676,19.579586
677,19.579586
678,19.579586
679,19.579586
680,19.579586
681,19.579586
682,19.579586
683,19.579586
684,19.579586
685,19.579586
686,19.579586
687,19.579586
688,19.579586
689,19.579586
690,19.579586
691,19.579586
692,19.579586
693,19.579586
694,19.579586
695,19.579586
696,19.579586
697,19.579586
698,19.579586
699,19.579586
700,19.579586
701,19.579586
702,19.579586
703,19.579586
704,19.579586
705,19.579586
706,19.579586
707,19.579586
708,19.579586
709,19.579586
710,19.579586
711,19.579586
712,19.579586
713,19.579586
714,19.579586
715,19.579586
716,19.579586
717,19.579586
718,19.579586
719,19.578484
720,19.578484
721,19.578484
722,19.578484
723,19.578484
724,19.578484
725,19.578484
726,19.578484
727,19.578484
728,19.578484
729,19.578484
730,19.578484
731,19.578484
732,19.578484
733,19.578484
734,19.578484
735,19.578484
736,19.578484
737,19.578484
738,19.578484
739,19.578484
740,19.578484
741,19.578484
742,19.578484
743,19.578484
744,19.578484
745,19.578484
746,19.578484
747,19.579586
748,19.579586
749,19.579586
750,19.667194
751,19.6661
752,19.6661
753,19.664997
754,19.662804
755,19.661705
756,19.65951
757,19.657314
758,19.655115
759,19.652925
760,19.65073
761,19.647432
762,19.64524
763,19.643047
764,19.640852
765,19.638655
766,19.636465
767,19.634272
768,19.633177
769,19.630987
770,19.628792
771,19.627695
772,19.626602
773,19.62441
774,19.623312
775,19.622217
776,19.621122
777,19.620026
778,19.618937
779,19.618937
780,19.617836
781,19.617836
782,19.616743
783,19.616743
784,19.615643
785,19.615643
786,19.615643
787,19.615643
788,19.615643
789,19.615643
790,19.615643
791,19.615643
792,19.615643
793,19.615643
794,19.615643
795,19.615643
796,19.615643
797,19.615643
798,19.615643
799,19.615643
800,19.615643
801,19.616743
802,19.616743
803,19.616743
804,19.616743
805,19.616743
806,19.616743
807,19.617836
808,19.617836
809,19.617836
810,19.617836
811,19.617836
812,19.617836
813,19.617836
814,19.617836
815,19.618937
816,19.618937
817,19.618937
818,19.618937
819,19.618937
820,19.618937
821,19.618937
822,19.618937
823,19.618937
824,19.618937
825,19.618937
826,19.618937
827,19.618937
828,19.618937
829,19.618937
830,19.618937
831,19.620026
832,19.620026
833,19.620026
834,19.620026
835,19.620026
836,19.620026
837,19.620026
838,19.620026
839,19.620026
840,19.620026
841,19.620026
842,19.620026
843,19.620026
844,19.620026
845,19.620026
846,19.620026
847,19.620026
848,19.620026
849,19.620026
850,19.618937
851,19.618937
852,19.618937
853,19.618937
854,19.618937
855,19.618937
856,19.618937
857,19.618937
858,19.618937
859,19.618937
860,19.618937
861,19.618937
862,19.618937
863,19.618937
864,19.618937
865,19.618937
866,19.618937
867,19.618937
868,19.618937
869,19.618937
870,19.618937
871,19.618937
872,19.618937
873,19.618937
874,19.618937
875,19.618937
876,19.618937
877,19.618937
878,19.618937
879,19.618937
880,19.618937
881,19.618937
882,19.618937
883,19.618937
884,19.618937
885,19.618937
886,19.618937
887,19.618937
888,19.618937
889,19.618937
890,19.618937
891,19.618937
892,19.618937
893,19.618937
894,19.618937
895,19.618937
896,19.618937
897,19.618937
898,19.618937
899,19.618937
900,19.618937
901,19.618937
902,19.618937
903,19.618937
904,19.618937
905,19.618937
906,19.618937
907,19.618937
908,19.618937
909,19.618937
910,19.618937
911,19.618937
912,19.618937
913,19.618937
914,19.618937
915,19.618937
916,19.618937
917,19.618937
918,19.618937
919,19.618937
920,19.618937
921,19.618937
922,19.618937
923,19.618937
924,19.618937
925,19.618937
926,19.618937
927,19.618937
928,19.618937
929,19.618937
930,19.618937
931,19.618937
932,19.618937
933,19.618937
934,19.618937
935,19.618937
936,19.618937
937,19.618937
938,19.618937
939,19.618937
940,19.618937
941,19.618937
942,19.618937
943,19.618937
944,19.618937
945,19.618937
946,19.618937
947,19.618937
948,19.618937
949,19.618937
950,19.618937
951,19.618937
952,19.618937
953,19.618937
954,19.618937
955,19.618937
956,19.618937
957,19.618937
958,19.618937
959,19.618937
960,19.618937
961,19.618937
962,19.618937
963,19.618937
964,19.618937
965,19.618937
966,19.618937
967,19.618937
968,19.618937
969,19.618937
970,19.618937
971,19.618937
972,19.618937
973,19.618937
974,19.618937
975,19.618937
976,19.618937
977,19.618937
978,19.618937
979,19.618937
980,19.618937
981,19.618937
982,19.618937
983,19.618937
984,19.618937
985,19.618937
986,19.618937
987,19.618937
988,19.618937
989,19.618937
990,19.618937
991,19.618937
992,19.618937
993,19.618937
994,19.618937
995,19.618937
996,19.618937
997,19.618937
998,19.618937
999,19.618937
1000,68.57194
1001,68.54419
1002,68.46397
1003,68.33216
1004,68.14573
1005,67.89905
1006,67.58452
1007,67.192474
1008,66.71283
1009,66.13455
1010,65.44657
1011,64.63922
1012,63.705112
1013,62.642326
1014,61.455948
1015,60.159435
1016,58.774616
1017,57.332695
1018,55.867176
1019,54.41645
1020,53.009613
1021,51.675133
1022,50.43051
1023,49.285275
1024,48.246563
1025,47.312817
1026,46.481293
1027,45.74613
1028,45.1008
1029,44.53725
1030,44.05171
1031,43.632767
1032,43.277554
1033,42.979713
1034,42.73219
1035,42.53218
1036,42.37226
1037,42.251568
1038,42.164547
1039,42.10715
1040,42.076683
1041,42.07182
1042,42.08765
1043,42.123013
1044,42.17556
1045,42.241745
1046,42.320454
1047,42.41058
1048,42.509792
1049,42.615715
1050,42.727173
1051,42.84425
1052,42.96448
1053,43.085358
1054,43.208176
1055,43.33165
1056,43.45319
1057,43.57276
1058,43.690308
1059,43.805794
1060,43.91655
1061,44.02382
1062,44.127552
1063,44.225025
1064,44.31884
1065,44.407608
1066,44.489918
1067,44.568405
1068,44.641705
1069,44.70839
1070,44.771126
1071,44.828545
1072,44.88196
1073,44.92861
1074,44.972595
1075,45.01113
1076,45.04559
1077,45.075943
1078,45.102184
1079,45.125683
1080,45.14506
1081,45.161667
1082,45.175518
1083,45.1866
1084,45.19492
1085,45.20046
1086,45.20601
1087,45.207394
1088,45.208782
1089,45.208782
1090,45.20601
1091,45.203228
1092,45.199074
1093,45.19492
1094,45.189373
1095,45.182446
1096,45.176907
1097,45.16998
1098,45.16305
1099,45.154743
1100,45.147823
1101,45.1409
1102,45.1326
1103,45.125683
1104,45.11877
1105,45.11186
1106,45.10495
1107,45.098045
1108,45.092514
1109,45.0856
1110,45.08009
1111,45.074554
1112,45.069042
1113,45.0649
1114,45.06077
1115,45.056625
1116,45.05249
1117,45.04835
1118,45.04559
1119,45.04283
1120,45.04007
1121,45.037315
1122,45.03456
1123,45.03318
1124,45.031807
1125,45.030422
1126,45.02904
1127,45.027664
1128,45.026283
1129,45.026283
1130,45.02491
1131,45.02491
1132,45.02491
1133,45.023533
1134,45.023533
1135,45.023533
1136,45.023533
1137,45.023533
1138,45.02491
1139,45.02491
1140,45.02491
1141,45.02491
1142,45.02491
1143,45.026283
1144,45.026283
1145,45.026283
1146,45.027664
1147,45.027664
1148,45.027664
1149,45.02904
1150,45.02904
1151,45.02904
1152,45.02904
1153,45.030422
1154,45.030422
1155,45.030422
1156,45.030422
1157,45.031807
1158,45.031807
1159,45.031807
1160,45.031807
1161,45.03318
1162,45.03318
1163,45.03318
1164,45.03318
1165,45.03318
1166,45.03318
1167,45.03318
1168,45.03456
1169,45.03456
1170,45.03456
1171,45.03456
1172,45.03456
1173,45.03456
1174,45.03456
1175,45.03456
1176,45.03456
1177,45.03456
1178,45.03456
1179,45.03456
1180,45.03456
1181,45.03456
1182,45.03456
1183,45.03456
1184,45.03456
1185,45.03456
1186,45.03456
1187,45.03456
1188,45.03456
1189,45.03456
1190,45.03456
1191,45.03456
1192,45.03456
1193,45.03456
1194,45.03456
1195,45.03456
1196,45.03456
1197,45.03456
1198,45.03456
1199,45.03456
1200,45.03456
1201,45.03456
1202,45.03456
1203,45.03456
1204,45.03456
1205,45.03456
1206,45.03456
1207,45.03456
1208,45.03456
1209,45.03456
1210,45.03456
1211,45.03456
1212,45.03456
1213,45.03456
1214,45.03456
1215,45.03456
1216,45.03456
1217,45.03456
1218,45.03456
1219,45.03456
1220,45.03456
1221,45.03456
1222,45.03456
1223,45.03456
1224,45.03456
1225,45.03456
1226,45.03456
1227,45.03456
1228,45.03456
1229,45.03456
1230,45.03456
1231,45.03456
1232,45.03456
1233,45.03456
1234,45.03456
1235,45.03456
1236,45.03456
1237,45.03456
1238,45.03456
1239,45.03456
1240,45.03456
1241,45.03456
1242,45.03456
1243,45.03456
1244,45.03456
1245,45.03456
1246,45.03456
1247,45.03456
1248,45.03456
1249,45.03456
1250,-55.984196
1251,-55.934357
1252,-55.795464
1253,-55.581585
1254,-55.30721
1255,-54.98888
1256,-54.645466
1257,-54.295166
1258,-53.94617
1259,-53.579697
1260,-53.1242
1261,-52.42321
1262,-51.22467
1263,-49.254753
1264,-46.440178
1265,-43.07424
1266,-39.552605
1267,-35.94062
1268,-32.178406
1269,-28.513453
1270,-25.238226
1271,-22.405247
1272,-19.950441
1273,-17.810602
1274,-15.936814
1275,-14.285281
1276,-12.81654
1277,-11.498795
1278,-10.310174
1279,-9.236658
1280,-8.273142
1281,-7.416015
1282,-6.6618357
1283,-6.01083
1284,-5.4597607
1285,-5.0028977
1286,-4.637355
1287,-4.3540907
1288,-4.1487203
1289,-4.013793
1290,-3.9442635
1291,-3.930883
1292,-3.9696746
1293,-4.0525494
1294,-4.1754117
1295,-4.3314395
1296,-4.516449
1297,-4.724924
1298,-4.9526763
1299,-5.1955094
1300,-5.449259
1301,-5.711125
1302,-5.977027
1303,-6.2442455
1304,-6.5114274
1305,-6.7759547
1306,-7.035268
1307,-7.2894287
1308,-7.534711
1309,-7.772482
1310,-8.000349
1311,-8.218453
1312,-8.425698
1313,-8.622221
1314,-8.806936
1315,-8.981196
1316,-9.14512
1317,-9.296383
1318,-9.437527
1319,-9.56742
1320,-9.687351
1321,-9.797391
1322,-9.896395
1323,-9.98681
1324,-10.068687
1325,-10.142059
1326,-10.205742
1327,-10.263373
1328,-10.313765
1329,-10.356938
1330,-10.392894
1331,-10.424041
1332,-10.449187
1333,-10.47075
1334,-10.486306
1335,-10.498272
1336,-10.506648
1337,-10.51024
1338,-10.5126295
1339,-10.511436
1340,-10.507849
1341,-10.5018635
1342,-10.494685
1343,-10.486306
1344,-10.475531
1345,-10.464758
1346,-10.4527855
1347,-10.439617
1348,-10.426435
1349,-10.412062
1350,-10.398885
1351,-10.384505
1352,-10.37132
1353,-10.356938
1354,-10.343753
1355,-10.330563
1356,-10.318567
1357,-10.305369
1358,-10.293377
1359,-10.2825775
1360,-10.271774
1361,-10.262175
1362,-10.252575
1363,-10.242971
1364,-10.234565
1365,-10.226158
1366,-10.218951
1367,-10.21295
1368,-10.206944
1369,-10.200941
1370,-10.196132
1371,-10.19133
1372,-10.187728
1373,-10.184122
1374,-10.180515
1375,-10.176913
1376,-10.174505
1377,-10.173304
1378,-10.170903
1379,-10.1697
1380,-10.168503
1381,-10.167299
1382,-10.167299
1383,-10.166099
1384,-10.166099
1385,-10.166099
1386,-10.166099
1387,-10.166099
1388,-10.167299
1389,-10.167299
1390,-10.168503
1391,-10.168503
1392,-10.1697
1393,-10.1697
1394,-10.170903
1395,-10.170903
1396,-10.172108
1397,-10.173304
1398,-10.173304
1399,-10.174505
1400,-10.175712
1401,-10.175712
1402,-10.176913
1403,-10.178118
1404,-10.178118
1405,-10.179316
1406,-10.179316
1407,-10.180515
1408,-10.180515
1409,-10.181716
1410,-10.181716
1411,-10.182915
1412,-10.182915
1413,-10.182915
1414,-10.184122
1415,-10.184122
1416,-10.184122
1417,-10.185321
1418,-10.185321
1419,-10.185321
1420,-10.185321
1421,-10.185321
1422,-10.185321
1423,-10.186525
1424,-10.186525
1425,-10.186525
1426,-10.186525
1427,-10.186525
1428,-10.186525
1429,-10.186525
1430,-10.186525
1431,-10.186525
1432,-10.186525
1433,-10.186525
1434,-10.186525
1435,-10.186525
1436,-10.186525
1437,-10.186525
1438,-10.186525
1439,-10.186525
1440,-10.186525
1441,-10.186525
1442,-10.186525
1443,-10.186525
1444,-10.186525
1445,-10.186525
1446,-10.186525
1447,-10.186525
1448,-10.186525
1449,-10.186525
1450,-10.186525
1451,-10.186525
1452,-10.185321
1453,-10.185321
1454,-10.185321
1455,-10.185321
1456,-10.185321
1457,-10.185321
1458,-10.185321
1459,-10.185321
1460,-10.185321
1461,-10.185321
1462,-10.185321
1463,-10.185321
1464,-10.185321
1465,-10.185321
1466,-10.185321
1467,-10.185321
1468,-10.185321
1469,-10.185321
1470,-10.185321
1471,-10.185321
1472,-10.185321
1473,-10.185321
1474,-10.185321
1475,-10.185321
1476,-10.185321
1477,-10.185321
1478,-10.185321
1479,-10.185321
1480,-10.185321
1481,-10.185321
1482,-10.185321
1483,-10.185321
1484,-10.185321
1485,-10.185321
1486,-10.185321
1487,-10.185321
1488,-10.185321
1489,-10.185321
1490,-10.185321
1491,-10.185321
1492,-10.185321
1493,-10.185321
1494,-10.185321
1495,-10.185321
1496,-10.185321
1497,-10.185321
1498,-10.185321
1499,-10.185321
1500,19.947113
1501,19.875937
1502,19.676554
1503,19.359514
1504,18.932285
1505,18.400854
1506,17.770409
1507,17.048603
1508,16.245499
1509,15.374519
1510,14.452515
1511,13.499095
1512,12.5346365
1513,11.579539
1514,10.65125
1515,9.764036
1516,8.927932
1517,8.149078
1518,7.4303126
1519,6.7718368
1520,6.172158
1521,5.628422
1522,5.137154
1523,4.6946163
1524,4.296997
1525,3.9407265
1526,3.6223996
1527,3.338984
1528,3.0877042
1529,2.8660812
1530,2.6719742
1531,2.5032117
1532,2.3581183
1533,2.2346888
1534,2.1315212
1535,2.0469124
1536,1.9793757
1537,1.9276007
1538,1.8900623
1539,1.8655707
1540,1.8527323
1541,1.8503654
1542,1.8573759
1543,1.8724862
1544,1.8949033
1545,1.9234458
1546,1.957243
1547,1.9955897
1548,2.037513
1549,2.082328
1550,2.1294453
1551,2.1782827
1552,2.228144
1553,2.2786448
1554,2.3293924
1555,2.3797927
1556,2.4297547
1557,2.4786777
1558,2.5265605
1559,2.573004
1560,2.617902
1561,2.6610532
1562,2.7023578
1563,2.7417014
1564,2.7790806
1565,2.8142955
1566,2.8473332
1567,2.8782864
1568,2.907154
1569,2.9338272
1570,2.9584956
1571,2.9810727
1572,3.001733
1573,3.020487
1574,3.037426
1575,3.0525537
1576,3.0660567
1577,3.0779424
1578,3.0884101
1579,3.0974653
1580,3.1050932
1581,3.1116066
1582,3.1170027
1583,3.1212745
1584,3.1246378
1585,3.12708
1586,3.1288083
1587,3.1297266
1588,3.1301315
1589,3.1298273
1590,3.1291122
1591,3.1279998
1592,3.126465
1593,3.1245337
1594,3.122396
1595,3.1200554
1596,3.117508
1597,3.114863
1598,3.1120121
1599,3.1091657
1600,3.106316
1601,3.1033642
1602,3.1005173
1603,3.09757
1604,3.0948224
1605,3.0920768
1606,3.0894334
1607,3.0867898
1608,3.084348
1609,3.0820098
1610,3.0797777
1611,3.077643
1612,3.0756073
1613,3.0737822
1614,3.0719495
1615,3.0703282
1616,3.068801
1617,3.0673828
1618,3.06616
1619,3.0649447
1620,3.0639246
1621,3.0629113
1622,3.0620966
1623,3.061282
1624,3.0606756
1625,3.0600653
1626,3.0595562
1627,3.059153
1628,3.0587437
1629,3.058442
1630,3.058237
1631,3.0580316
1632,3.0579362
1633,3.0578325
1634,3.057727
1635,3.057727
1636,3.057727
1637,3.0578325
1638,3.0579362
1639,3.0579362
1640,3.0580316
1641,3.058237
1642,3.058341
1643,3.058545
1644,3.0586443
1645,3.0588496
1646,3.0589478
1647,3.059153
1648,3.059354
1649,3.059456
1650,3.0596583
1651,3.0597594
1652,3.0599642
1653,3.0601673
1654,3.0602703
1655,3.0603707
1656,3.060572
1657,3.0606756
1658,3.0607772
1659,3.0608795
1660,3.060981
1661,3.0610805
1662,3.061186
1663,3.061282
1664,3.061384
1665,3.0614905
1666,3.0614905
1667,3.0615866
1668,3.0616858
1669,3.0616858
1670,3.0617926
1671,3.0617926
1672,3.0617926
1673,3.061898
1674,3.061898
1675,3.061898
1676,3.061898
1677,3.061898
1678,3.061898
1679,3.0619974
1680,3.0619974
1681,3.0619974
1682,3.0619974
1683,3.0619974
1684,3.0619974
1685,3.0619974
1686,3.0619974
1687,3.0619974
1688,3.061898
1689,3.061898
1690,3.061898
1691,3.061898
1692,3.061898
1693,3.061898
1694,3.061898
1695,3.061898
1696,3.061898
1697,3.061898
1698,3.061898
1699,3.061898
1700,3.0617926
1701,3.0617926
1702,3.0617926
1703,3.0617926
1704,3.0617926
1705,3.0617926
1706,3.0617926
1707,3.0617926
1708,3.0617926
1709,3.0617926
1710,3.0617926
1711,3.0617926
1712,3.0617926
1713,3.0617926
1714,3.0617926
1715,3.0617926
1716,3.0617926
1717,3.0617926
1718,3.0617926
1719,3.0617926
1720,3.0617926
1721,3.0617926
1722,3.0617926
1723,3.0617926
1724,3.0616858
1725,3.0616858
1726,3.0616858
1727,3.0616858
1728,3.0616858
1729,3.0616858
1730,3.0616858
1731,3.0616858
1732,3.0616858
1733,3.0616858
1734,3.0616858
1735,3.0617926
1736,3.0617926
1737,3.0617926
1738,3.0617926
1739,3.0617926
1740,3.0617926
1741,3.0617926
1742,3.0617926
1743,3.0617926
1744,3.0617926
1745,3.0617926
1746,3.0617926
1747,3.0617926
1748,3.0617926
1749,3.0617926
1750,63.50939
1751,63.48765
1752,63.424267
1753,63.317654
1754,63.16247
1755,62.950394
1756,62.67065
1757,62.309963
1758,61.85264
1759,61.280773
1760,60.57386
1761,59.710915
1762,58.673183
1763,57.44515
1764,56.021336
1765,54.409637
1766,52.639107
1767,50.75287
1768,48.809944
1769,46.869366
1770,44.99138
1771,43.215916
1772,41.57613
1773,40.085735
1774,38.748478
1775,37.56133
1776,36.5172
1777,35.604073
1778,34.80965
1779,34.123455
1780,33.535717
1781,33.033775
1782,32.610035
1783,32.25535
1784,31.962755
1785,31.726063
1786,31.539778
1787,31.397732
1788,31.294247
1789,31.228697
1790,31.193676
1791,31.18668
1792,31.205341
1793,31.247404
1794,31.308317
1795,31.385942
1796,31.478088
1797,31.583794
1798,31.699686
1799,31.82473
1800,31.956678
1801,32.094425
1802,32.23685
1803,32.38032
1804,32.52608
1805,32.67291
1806,32.818275
1807,32.96084
1808,33.101818
1809,33.23986
1810,33.3736
1811,33.502926
1812,33.62645
1813,33.74536
1814,33.858265
1815,33.965034
1816,34.06694
1817,34.161205
1818,34.249084
1819,34.331852
1820,34.4081
1821,34.477753
1822,34.542118
1823,34.599785
1824,34.653465
1825,34.700356
1826,34.7418
1827,34.779163
1828,34.812428
1829,34.840176
1830,34.863792
1831,34.884644
1832,34.901344
1833,34.915253
1834,34.925014
1835,34.933372
1836,34.938942
1837,34.941734
1838,34.94313
1839,34.941734
1840,34.938942
1841,34.93616
1842,34.930584
1843,34.925014
1844,34.918053
1845,34.911087
1846,34.902733
1847,34.894386
1848,34.88604
1849,34.8763
1850,34.86796
1851,34.858234
1852,34.849895
1853,34.840176
1854,34.831844
1855,34.82352
1856,34.815197
1857,34.806873
1858,34.79856
1859,34.791637
1860,34.784702
1861,34.777775
1862,34.772236
1863,34.76532
1864,34.76117
1865,34.75563
1866,34.7501
1867,34.74595
1868,34.7418
1869,34.739033
1870,34.73489
1871,34.732124
1872,34.729366
1873,34.727974
1874,34.725212
1875,34.72383
1876,34.722454
1877,34.721073
1878,34.719696
1879,34.718304
1880,34.718304
1881,34.716923
1882,34.716923
1883,34.716923
1884,34.71554
1885,34.71554
1886,34.71554
1887,34.716923
1888,34.716923
1889,34.716923
1890,34.716923
1891,34.716923
1892,34.718304
1893,34.718304
1894,34.718304
1895,34.719696
1896,34.719696
1897,34.721073
1898,34.721073
1899,34.721073
1900,34.722454
1901,34.722454
1902,34.722454
1903,34.72383
1904,34.72383
1905,34.72383
1906,34.725212
1907,34.725212
1908,34.725212
1909,34.726593
1910,34.726593
1911,34.726593
1912,34.726593
1913,34.726593
1914,34.727974
1915,34.727974
1916,34.727974
1917,34.727974
1918,34.727974
1919,34.727974
1920,34.727974
1921,34.729366
1922,34.729366
1923,34.729366
1924,34.729366
1925,34.729366
1926,34.729366
1927,34.729366
1928,34.729366
1929,34.729366
1930,34.729366
1931,34.729366
1932,34.729366
1933,34.729366
1934,34.729366
1935,34.729366
1936,34.729366
1937,34.729366
1938,34.729366
1939,34.729366
1940,34.729366
1941,34.729366
1942,34.729366
1943,34.729366
1944,34.729366
1945,34.729366
1946,34.729366
1947,34.729366
1948,34.729366
1949,34.729366
1950,34.729366
1951,34.729366
1952,34.729366
1953,34.729366
1954,34.729366
1955,34.729366
1956,34.729366
1957,34.729366
1958,34.729366
1959,34.729366
1960,34.729366
1961,34.727974
1962,34.727974
1963,34.727974
1964,34.727974
1965,34.727974
1966,34.727974
1967,34.727974
1968,34.727974
1969,34.727974
1970,34.727974
1971,34.727974
1972,34.727974
1973,34.727974
1974,34.727974
1975,34.727974
1976,34.727974
1977,34.727974
1978,34.727974
1979,34.727974
1980,34.727974
1981,34.727974
1982,34.727974
1983,34.727974
1984,34.727974
1985,34.727974
1986,34.727974
1987,34.727974
1988,34.727974
1989,34.727974
1990,34.727974
1991,34.727974
1992,34.727974
1993,34.727974
1994,34.727974
1995,34.727974
1996,34.727974
1997,34.727974
1998,34.727974
1999,34.727974
2000,-101.80803
2001,-101.780334
2002,-101.707985
2003,-101.60796
2004,-101.49473
2005,-101.37537
2006,-101.24891
2007,-101.10914
2008,-100.94705
2009,-100.752106
2010,-100.51152
2011,-100.20824
2012,-99.817825
2013,-99.30367
2014,-98.609886
2015,-97.6519
2016,-96.30232
2017,-94.381645
2018,-91.65989
2019,-87.90089
2020,-82.984764
2021,-77.06949
2022,-70.66792
2023,-64.46791
2024,-59.02267
2025,-54.635902
2026,-51.332428
2027,-48.932545
2028,-47.172173
2029,-45.826866
2030,-44.749405
2031,-43.851948
2032,-43.08948
2033,-42.43735
2034,-41.882504
2035,-41.420174
2036,-41.04337
2037,-40.748276
2038,-40.53261
2039,-40.389324
2040,-40.31425
2041,-40.300392
2042,-40.341953
2043,-40.43067
2044,-40.55996
2045,-40.72509
2046,-40.91746
2047,-41.133488
2048,-41.36783
2049,-41.614494
2050,-41.871502
2051,-42.13521
2052,-42.4022
2053,-42.670147
2054,-42.93771
2055,-43.20365
2056,-43.465836
2057,-43.723038
2058,-43.974865
2059,-44.219967
2060,-44.45869
2061,-44.690407
2062,-44.913445
2063,-45.128796
2064,-45.3355
2065,-45.532475
2066,-45.719498
2067,-45.89729
2068,-46.064545
2069,-46.2219
2070,-46.369022
2071,-46.505535
2072,-46.632107
2073,-46.74732
2074,-46.85298
2075,-46.94769
2076,-47.033356
2077,-47.109737
2078,-47.176643
2079,-47.23499
2080,-47.28463
2081,-47.327698
2082,-47.36183
2083,-47.390366
2084,-47.41326
2085,-47.429317
2086,-47.44079
2087,-47.44654
2088,-47.448845
2089,-47.447693
2090,-47.44194
2091,-47.43505
2092,-47.424725
2093,-47.41211
2094,-47.39837
2095,-47.382366
2096,-47.36525
2097,-47.348164
2098,-47.329964
2099,-47.31181
2100,-47.292545
2101,-47.273327
2102,-47.254135
2103,-47.236115
2104,-47.218117
2105,-47.20017
2106,-47.183365
2107,-47.166576
2108,-47.150948
2109,-47.135334
2110,-47.12086
2111,-47.107517
2112,-47.094196
2113,-47.081997
2114,-47.07092
2115,-47.060963
2116,-47.051014
2117,-47.04217
2118,-47.033356
2119,-47.026737
2120,-47.020123
2121,-47.013515
2122,-47.008015
2123,-47.00362
2124,-46.999214
2125,-46.995922
2126,-46.99262
2127,-46.989334
2128,-46.98713
2129,-46.984936
2130,-46.98384
2131,-46.982746
2132,-46.981647
2133,-46.981647
2134,-46.980545
2135,-46.980545
2136,-46.980545
2137,-46.980545
2138,-46.981647
2139,-46.981647
2140,-46.982746
2141,-46.98384
2142,-46.984936
2143,-46.984936
2144,-46.986034
2145,-46.98713
2146,-46.988228
2147,-46.989334
2148,-46.99043
2149,-46.991528
2150,-46.99262
2151,-46.99372
2152,-46.99482
2153,-46.995922
2154,-46.99702
2155,-46.99702
2156,-46.99812
2157,-46.999214
2158,-47.000313
2159,-47.000313
2160,-47.00142
2161,-47.00251
2162,-47.00251
2163,-47.00362
2164,-47.00362
2165,-47.00472
2166,-47.00472
2167,-47.00472
2168,-47.00581
2169,-47.00581
2170,-47.00581
2171,-47.00581
2172,-47.006916
2173,-47.006916
2174,-47.006916
2175,-47.006916
2176,-47.006916
2177,-47.006916
2178,-47.006916
2179,-47.006916
2180,-47.006916
2181,-47.006916
2182,-47.006916
2183,-47.006916
2184,-47.006916
2185,-47.006916
2186,-47.006916
2187,-47.006916
2188,-47.006916
2189,-47.006916
2190,-47.006916
2191,-47.006916
2192,-47.006916
2193,-47.006916
2194,-47.006916
2195,-47.006916
2196,-47.006916
2197,-47.006916
2198,-47.006916
2199,-47.006916
2200,-47.006916
2201,-47.006916
2202,-47.006916
2203,-47.006916
2204,-47.006916
2205,-47.00581
2206,-47.00581
2207,-47.00581
2208,-47.00581
2209,-47.00581
2210,-47.00581
2211,-47.00581
2212,-47.00581
2213,-47.00581
2214,-47.00581
2215,-47.00581
2216,-47.00581
2217,-47.00581
2218,-47.00581
2219,-47.00581
2220,-47.00581
2221,-47.00581
2222,-47.00581
2223,-47.00581
2224,-47.00581
2225,-47.00581
2226,-47.00581
2227,-47.00581
2228,-47.00581
2229,-47.00581
2230,-47.00581
2231,-47.00581
2232,-47.00581
2233,-47.00581
2234,-47.00581
2235,-47.00581
2236,-47.00581
2237,-47.00581
2238,-47.00581
2239,-47.00581
2240,-47.00581
2241,-47.00581
2242,-47.00581
2243,-47.00581
2244,-47.00581
2245,-47.00581
2246,-47.00581
2247,-47.00581
2248,-47.00581
2249,-47.00581
2250,-43.55494
2251,-43.56527
2252,-43.593452
2253,-43.63765
2254,-43.693214
2255,-43.759274
2256,-43.833992
2257,-43.91366
2258,-43.998318
2259,-44.0871
2260,-44.17622
2261,-44.267635
2262,-44.357517
2263,-44.44782
2264,-44.53562
2265,-44.620903
2266,-44.703648
2267,-44.783836
2268,-44.86043
2269,-44.9324
2270,-45.00169
2271,-45.06625
2272,-45.126026
2273,-45.181973
2274,-45.234047
2275,-45.281197
2276,-45.32438
2277,-45.36358
2278,-45.39978
2279,-45.43089
2280,-45.458954
2281,-45.48291
2282,-45.504818
2283,-45.52258
2284,-45.537228
2285,-45.549797
2286,-45.56028
2287,-45.56762
2288,-45.57287
2289,-45.577072
2290,-45.57917
2291,-45.57917
2292,-45.578117
2293,-45.57602
2294,-45.57287
2295,-45.56867
2296,-45.563423
2297,-45.557137
2298,-45.55189
2299,-45.544563
2300,-45.538273
2301,-45.530945
2302,-45.523624
2303,-45.516308
2304,-45.509
2305,-45.501686
2306,-45.494377
2307,-45.48708
2308,-45.479782
2309,-45.473534
2310,-45.46624
2311,-45.45999
2312,-45.45479
2313,-45.448555
2314,-45.443348
2315,-45.438164
2316,-45.434002
2317,-45.428814
2318,-45.424664
2319,-45.421543
2320,-45.417408
2321,-45.414284
2322,-45.41118
2323,-45.409103
2324,-45.405994
2325,-45.40392
2326,-45.402885
2327,-45.40081
2328,-45.39978
2329,-45.39771
2330,-45.39667
2331,-45.395638
2332,-45.395638
2333,-45.394604
2334,-45.394604
2335,-45.39357
2336,-45.39357
2337,-45.39357
2338,-45.39357
2339,-45.39357
2340,-45.39357
2341,-45.39357
2342,-45.39357
2343,-45.394604
2344,-45.394604
2345,-45.394604
2346,-45.395638
2347,-45.395638
2348,-45.395638
2349,-45.39667
2350,-45.39667
2351,-45.39667
2352,-45.39771
2353,-45.39771
2354,-45.398746
2355,-45.398746
2356,-45.398746
2357,-45.39978
2358,-45.39978
2359,-45.39978
2360,-45.40081
2361,-45.40081
2362,-45.40081
2363,-45.40185
2364,-45.40185
2365,-45.40185
2366,-45.40185
2367,-45.40185
2368,-45.402885
2369,-45.402885
2370,-45.402885
2371,-45.402885
2372,-45.402885
2373,-45.402885
2374,-45.402885
2375,-45.402885
2376,-45.402885
2377,-45.40392
2378,-45.40392
2379,-45.40392
2380,-45.40392
2381,-45.40392
2382,-45.40392
2383,-45.40392
2384,-45.40392
2385,-45.40392
2386,-45.40392
2387,-45.40392
2388,-45.40392
2389,-45.40392
2390,-45.40392
2391,-45.40392
2392,-45.40392
2393,-45.40392
2394,-45.40392
2395,-45.40392
2396,-45.40392
2397,-45.40392
2398,-45.402885
2399,-45.402885
2400,-45.402885
2401,-45.402885
2402,-45.402885
2403,-45.402885
2404,-45.402885
2405,-45.402885
2406,-45.402885
2407,-45.402885
2408,-45.402885
2409,-45.402885
2410,-45.402885
2411,-45.402885
2412,-45.402885
2413,-45.402885
2414,-45.402885
2415,-45.402885
2416,-45.402885
2417,-45.402885
2418,-45.402885
2419,-45.402885
2420,-45.402885
2421,-45.402885
2422,-45.402885
2423,-45.402885
2424,-45.402885
2425,-45.402885
2426,-45.402885
2427,-45.402885
2428,-45.402885
2429,-45.402885
2430,-45.402885
2431,-45.402885
2432,-45.402885
2433,-45.402885
2434,-45.402885
2435,-45.402885
2436,-45.402885
2437,-45.402885
2438,-45.402885
2439,-45.402885
2440,-45.402885
2441,-45.402885
2442,-45.402885
2443,-45.402885
2444,-45.402885
2445,-45.402885
2446,-45.402885
2447,-45.402885
2448,-45.402885
2449,-45.402885
2450,-45.402885
2451,-45.402885
2452,-45.402885
2453,-45.402885
2454,-45.402885
2455,-45.402885
2456,-45.402885
2457,-45.402885
2458,-45.402885
2459,-45.402885
2460,-45.402885
2461,-45.402885
2462,-45.402885
2463,-45.402885
2464,-45.402885
2465,-45.402885
2466,-45.402885
2467,-45.402885
2468,-45.402885
2469,-45.402885
2470,-45.402885
2471,-45.402885
2472,-45.402885
2473,-45.402885
2474,-45.402885
2475,-45.402885
2476,-45.402885
2477,-45.402885
2478,-45.402885
2479,-45.402885
2480,-45.402885
2481,-45.402885
2482,-45.402885
2483,-45.402885
2484,-45.402885
2485,-45.402885
2486,-45.402885
2487,-45.402885
2488,-45.402885
2489,-45.402885
2490,-45.402885
2491,-45.402885
2492,-45.402885
2493,-45.402885
2494,-45.402885
2495,-45.402885
2496,-45.402885
2497,-45.402885
2498,-45.402885
2499,-45.402885
2500,27.761335
2501,27.727272
2502,27.635191
2503,27.501648
2504,27.344154
2505,27.180746
2506,27.028807
2507,26.903685
2508,26.816269
2509,26.770134
2510,26.7578
2511,26.75621
2512,26.722609
2513,26.592035
2514,26.278938
2515,25.687094
2516,24.726988
2517,23.343565
2518,21.538784
2519,19.387135
2520,17.02743
2521,14.6421995
2522,12.400423
2523,10.406376
2524,8.689798
2525,7.233355
2526,6.000053
2527,4.950237
2528,4.04841
2529,3.2665563
2530,2.5842192
2531,1.9874548
2532,1.4676704
2533,1.0191827
2534,0.63796055
2535,0.3210386
2536,0.06511569
2537,-0.13335374
2538,-0.2781898
2539,-0.37333223
2540,-0.4233528
2541,-0.43247452
2542,-0.4053534
2543,-0.34639028
2544,-0.25975117
2545,-0.14952138
2546,-0.019606799
2547,0.12647587
2548,0.28555685
2549,0.454418
2550,0.63049364
2551,0.81146026
2552,0.9952072
2553,1.1798916
2554,1.3639317
2555,1.5460045
2556,1.7250223
2557,1.9001178
2558,2.0702233
2559,2.2349777
2560,2.3936188
2561,2.5458453
2562,2.691164
2563,2.829551
2564,2.9606495
2565,3.084306
2566,3.200543
2567,3.3093567
2568,3.4106503
2569,3.5047138
2570,3.5915236
2571,3.6712637
2572,3.7441003
2573,3.8103216
2574,3.8702102
2575,3.9238286
2576,3.971675
2577,4.013934
2578,4.050884
2579,4.0829263
2580,4.110264
2581,4.133284
2582,4.1523943
2583,4.167689
2584,4.179583
2585,4.188475
2586,4.1944737
2587,4.1978903
2588,4.199131
2589,4.1983047
2590,4.1957164
2591,4.1914773
2592,4.1859913
2593,4.179374
2594,4.1717234
2595,4.163348
2596,4.15425
2597,4.144643
2598,4.134833
2599,4.1246076
2600,4.114394
2601,4.1039696
2602,4.093763
2603,4.083547
2604,4.0735536
2605,4.063865
2606,4.0543814
2607,4.04522
2608,4.0364714
2609,4.028135
2610,4.0201025
2611,4.0125957
2612,4.005495
2613,3.9988124
2614,3.9925406
2615,3.9867806
2616,3.9813342
2617,3.9764051
2618,3.971884
2619,3.9676697
2620,3.9639735
2621,3.9605813
2622,3.9574997
2623,3.9548306
2624,3.9524667
2625,3.9504132
2626,3.9485698
2627,3.947027
2628,3.94579
2629,3.9447696
2630,3.9438467
2631,3.9432242
2632,3.9427168
2633,3.942407
2634,3.9422004
2635,3.9422004
2636,3.9422004
2637,3.942407
2638,3.9426124
2639,3.9429166
2640,3.9433274
2641,3.9438467
2642,3.9442503
2643,3.9447696
2644,3.945382
2645,3.945898
2646,3.946512
2647,3.947125
2648,3.9477468
2649,3.9482522
2650,3.9488733
2651,3.949487
2652,3.950002
2653,3.9505172
2654,3.9510288
2655,3.951543
2656,3.952055
2657,3.9525712
2658,3.9529815
2659,3.9533887
2660,3.9538069
2661,3.9541104
2662,3.9544165
2663,3.9547253
2664,3.9550362
2665,3.9553442
2666,3.9555473
2667,3.9557524
2668,3.9559608
2669,3.956163
2670,3.956368
2671,3.9564726
2672,3.9565735
2673,3.9566767
2674,3.9567826
2675,3.9568849
2676,3.9568849
2677,3.9569895
2678,3.9569895
2679,3.9570875
2680,3.9570875
2681,3.9570875
2682,3.9570875
2683,3.9570875
2684,3.9570875
2685,3.9570875
2686,3.9570875
2687,3.9569895
2688,3.9569895
2689,3.9569895
2690,3.9569895
2691,3.9568849
2692,3.9568849
2693,3.9568849
2694,3.9568849
2695,3.9567826
2696,3.9567826
2697,3.9567826
2698,3.9566767
2699,3.9566767
2700,3.9566767
2701,3.9565735
2702,3.9565735
2703,3.9565735
2704,3.9565735
2705,3.9564726
2706,3.9564726
2707,3.9564726
2708,3.9564726
2709,3.9564726
2710,3.956368
2711,3.956368
2712,3.956368
2713,3.956368
2714,3.956368
2715,3.956368
2716,3.956368
2717,3.956368
2718,3.956368
2719,3.956368
2720,3.9562674
2721,3.9562674
2722,3.9562674
2723,3.9562674
2724,3.9562674
2725,3.9562674
2726,3.9562674
2727,3.9562674
2728,3.9562674
2729,3.9562674
2730,3.9562674
2731,3.9562674
2732,3.9562674
2733,3.9562674
2734,3.9562674
2735,3.9562674
2736,3.9562674
2737,3.9562674
2738,3.9562674
2739,3.9562674
2740,3.9562674
2741,3.9562674
2742,3.9562674
2743,3.956368
2744,3.956368
2745,3.956368
2746,3.956368
2747,3.956368
2748,3.956368
2749,3.956368
2750,39.070858
2751,38.960472
2752,38.65225
2753,38.172855
2754,37.544075
2755,36.78602
2756,35.917538
2757,34.9582
2758,33.927883
2759,32.847595
2760,31.738197
2761,30.61967
2762,29.510939
2763,28.428574
2764,27.386568
2765,26.395073
2766,25.462091
2767,24.59247
2768,23.789408
2769,23.050694
2770,22.377405
2771,21.764767
2772,21.211723
2773,20.712248
2774,20.2654
2775,19.86576
2776,19.509518
2777,19.194344
2778,18.916061
2779,18.67195
2780,18.459593
2781,18.27578
2782,18.119621
2783,17.986311
2784,17.876331
2785,17.786217
2786,17.714663
2787,17.65944
2788,17.620378
2789,17.594393
2790,17.580412
2791,17.578415
2792,17.5854
2793,17.601389
2794,17.625385
2795,17.655426
2796,17.691547
2797,17.731775
2798,17.776127
2799,17.823624
2800,17.874298
2801,17.926144
2802,17.979158
2803,18.033365
2804,18.087744
2805,18.142284
2806,18.19597
2807,18.249828
2808,18.301771
2809,18.35178
2810,18.400896
2811,18.448046
2812,18.492172
2813,18.535364
2814,18.576542
2815,18.614645
2816,18.650702
2817,18.684713
2818,18.716658
2819,18.746529
2820,18.77324
2821,18.797852
2822,18.821432
2823,18.84182
2824,18.86008
2825,18.87729
2826,18.89128
2827,18.905281
2828,18.916061
2829,18.926846
2830,18.934402
2831,18.941965
2832,18.94844
2833,18.952765
2834,18.956009
2835,18.959248
2836,18.961412
2837,18.962492
2838,18.962492
2839,18.962492
2840,18.961412
2841,18.960327
2842,18.958164
2843,18.956009
2844,18.95384
2845,18.951683
2846,18.94844
2847,18.945202
2848,18.94304
2849,18.939796
2850,18.936563
2851,18.933325
2852,18.93009
2853,18.926846
2854,18.923616
2855,18.920378
2856,18.917141
2857,18.914986
2858,18.91175
2859,18.909594
2860,18.906359
2861,18.904205
2862,18.902048
2863,18.899893
2864,18.898819
2865,18.896662
2866,18.894512
2867,18.893435
2868,18.892357
2869,18.890202
2870,18.889128
2871,18.88805
2872,18.886972
2873,18.886972
2874,18.885899
2875,18.88482
2876,18.88482
2877,18.883741
2878,18.883741
2879,18.883741
2880,18.882668
2881,18.882668
2882,18.882668
2883,18.882668
2884,18.882668
2885,18.882668
2886,18.882668
2887,18.882668
2888,18.882668
2889,18.882668
2890,18.882668
2891,18.882668
2892,18.883741
2893,18.883741
2894,18.883741
2895,18.883741
2896,18.883741
2897,18.883741
2898,18.88482
2899,18.88482
2900,18.88482
2901,18.88482
2902,18.88482
2903,18.88482
2904,18.885899
2905,18.885899
2906,18.885899
2907,18.885899
2908,18.885899
2909,18.885899
2910,18.885899
2911,18.885899
2912,18.886972
2913,18.886972
2914,18.886972
2915,18.886972
2916,18.886972
2917,18.886972
2918,18.886972
2919,18.886972
2920,18.886972
2921,18.886972
2922,18.886972
2923,18.886972
2924,18.886972
2925,18.886972
2926,18.886972
2927,18.886972
2928,18.886972
2929,18.886972
2930,18.886972
2931,18.886972
2932,18.886972
2933,18.886972
2934,18.886972
2935,18.886972
2936,18.886972
2937,18.886972
2938,18.886972
2939,18.886972
2940,18.886972
2941,18.886972
2942,18.886972
2943,18.886972
2944,18.886972
2945,18.886972
2946,18.886972
2947,18.886972
2948,18.886972
2949,18.886972
2950,18.886972
2951,18.886972
2952,18.886972
2953,18.886972
2954,18.886972
2955,18.886972
2956,18.886972
2957,18.886972
2958,18.886972
2959,18.886972
2960,18.886972
2961,18.886972
2962,18.886972
2963,18.886972
2964,18.886972
2965,18.886972
2966,18.886972
2967,18.886972
2968,18.886972
2969,18.886972
2970,18.886972
2971,18.886972
2972,18.886972
2973,18.886972
2974,18.886972
2975,18.886972
2976,18.886972
2977,18.886972
2978,18.886972
2979,18.886972
2980,18.886972
2981,18.886972
2982,18.886972
2983,18.886972
2984,18.886972
2985,18.886972
2986,18.886972
2987,18.886972
2988,18.886972
2989,18.886972
2990,18.886972
2991,18.886972
2992,18.886972
2993,18.886972
2994,18.886972
2995,18.886972
2996,18.886972
2997,18.886972
2998,18.886972
2999,18.886972
3000,-101.489456
3001,-101.48004
3002,-101.45347
3003,-101.41093
3004,-101.35221
3005,-101.27586
3006,-101.178764
3007,-101.05619
3008,-100.90118
3009,-100.70354
3010,-100.44844
3011,-100.114006
3012,-99.66813
3013,-99.063156
3014,-98.23043
3015,-97.07247
3016,-95.45699
3017,-93.2218
3018,-90.197266
3019,-86.26764
3020,-81.46288
3021,-76.0264
3022,-70.38494
3023,-65.014336
3024,-60.286156
3025,-56.404686
3026,-53.389736
3027,-51.127243
3028,-49.442867
3029,-48.169907
3030,-47.18421
3031,-46.4012
3032,-45.764996
3033,-45.243313
3034,-44.816334
3035,-44.46988
3036,-44.194614
3037,-43.983345
3038,-43.829823
3039,-43.729877
3040,-43.677803
3041,-43.667885
3042,-43.69599
3043,-43.757965
3044,-43.84964
3045,-43.96602
3046,-44.10383
3047,-44.259853
3048,-44.430973
3049,-44.614952
3050,-44.80799
3051,-45.00965
3052,-45.216198
3053,-45.428093
3054,-45.642403
3055,-45.858692
3056,-46.07472
3057,-46.29078
3058,-46.506218
3059,-46.718407
3060,-46.92732
3061,-47.13188
3062,-47.33191
3063,-47.52713
3064,-47.71515
3065,-47.89656
3066,-48.069805
3067,-48.23545
3068,-48.391857
3069,-48.54078
3070,-48.67824
3071,-48.80842
3072,-48.927284
3073,-49.036785
3074,-49.137783
3075,-49.228695
3076,-49.31045
3077,-49.38278
3078,-49.446712
3079,-49.502075
3080,-49.549995
3081,-49.59034
3082,-49.62432
3083,-49.65186
3084,-49.672897
3085,-49.68871
3086,-49.699265
3087,-49.704548
3088,-49.707195
3089,-49.70586
3090,-49.70058
3091,-49.69398
3092,-49.683426
3093,-49.671577
3094,-49.65842
3095,-49.643986
3096,-49.62693
3097,-49.611233
3098,-49.59295
3099,-49.576
3100,-49.557793
3101,-49.53961
3102,-49.52148
3103,-49.503376
3104,-49.4866
3105,-49.468563
3106,-49.45314
3107,-49.43646
3108,-49.421085
3109,-49.40702
3110,-49.392975
3111,-49.380234
3112,-49.367508
3113,-49.356068
3114,-49.345905
3115,-49.335766
3116,-49.326897
3117,-49.318043
3118,-49.31045
3119,-49.30287
3120,-49.296562
3121,-49.291515
3122,-49.28522
3123,-49.281437
3124,-49.277653
3125,-49.273876
3126,-49.270103
3127,-49.26759
3128,-49.265083
3129,-49.263824
3130,-49.262566
3131,-49.261303
3132,-49.260048
3133,-49.260048
3134,-49.260048
3135,-49.260048
3136,-49.260048
3137,-49.260048
3138,-49.260048
3139,-49.261303
3140,-49.261303
3141,-49.262566
3142,-49.262566
3143,-49.263824
3144,-49.265083
3145,-49.266335
3146,-49.266335
3147,-49.26759
3148,-49.268845
3149,-49.270103
3150,-49.271366
3151,-49.271366
3152,-49.27262
3153,-49.273876
3154,-49.275146
3155,-49.275146
3156,-49.2764
3157,-49.277653
3158,-49.277653
3159,-49.278915
3160,-49.278915
3161,-49.28018
3162,-49.28018
3163,-49.281437
3164,-49.281437
3165,-49.281437
3166,-49.282692
3167,-49.282692
3168,-49.282692
3169,-49.28395
3170,-49.28395
3171,-49.28395
3172,-49.28395
3173,-49.28395
3174,-49.28395
3175,-49.28522
3176,-49.28522
3177,-49.28522
3178,-49.28522
3179,-49.28522
3180,-49.28522
3181,-49.28522
3182,-49.28522
3183,-49.28522
3184,-49.28522
3185,-49.28522
3186,-49.28522
3187,-49.28522
3188,-49.28522
3189,-49.28522
3190,-49.28522
3191,-49.28522
3192,-49.28522
3193,-49.28522
3194,-49.28395
3195,-49.28395
3196,-49.28395
3197,-49.28395
3198,-49.28395
3199,-49.28395
3200,-49.28395
3201,-49.28395
3202,-49.28395
3203,-49.28395
3204,-49.28395
3205,-49.28395
3206,-49.28395
3207,-49.28395
3208,-49.28395
3209,-49.28395
3210,-49.28395
3211,-49.28395
3212,-49.28395
3213,-49.28395
3214,-49.28395
3215,-49.28395
3216,-49.28395
3217,-49.28395
3218,-49.28395
3219,-49.28395
3220,-49.28395
3221,-49.28395
3222,-49.28395
3223,-49.28395
3224,-49.28395
3225,-49.28395
3226,-49.28395
3227,-49.28395
3228,-49.28395
3229,-49.28395
3230,-49.28395
3231,-49.28395
3232,-49.28395
3233,-49.28395
3234,-49.28395
3235,-49.28395
3236,-49.28395
3237,-49.28395
3238,-49.28395
3239,-49.28395
3240,-49.28395
3241,-49.28395
3242,-49.28395
3243,-49.28395
3244,-49.28395
3245,-49.28395
3246,-49.28395
3247,-49.28395
3248,-49.28395
3249,-49.28395
3250,15.977265
3251,15.942761
3252,15.845991
3253,15.693884
3254,15.490677
3255,15.237853
3256,14.933551
3257,14.573254
3258,14.149284
3259,13.650147
3260,13.061697
3261,12.367968
3262,11.550173
3263,10.590795
3264,9.475237
3265,8.194453
3266,6.7501807
3267,5.1613507
3268,3.46392
3269,1.7088293
3270,-0.044766456
3271,-1.7390109
3272,-3.3310187
3273,-4.79495
3274,-6.117371
3275,-7.3
3276,-8.352124
3277,-9.282906
3278,-10.10627
3279,-10.830999
3280,-11.466512
3281,-12.019353
3282,-12.497625
3283,-12.90528
3284,-13.247509
3285,-13.529162
3286,-13.754626
3287,-13.928142
3288,-14.054108
3289,-14.136628
3290,-14.179792
3291,-14.187732
3292,-14.164281
3293,-14.11319
3294,-14.038136
3295,-13.942282
3296,-13.828829
3297,-13.70069
3298,-13.560676
3299,-13.411074
3300,-13.254296
3301,-13.092229
3302,-12.926903
3303,-12.759707
3304,-12.592273
3305,-12.4258795
3306,-12.261674
3307,-12.099971
3308,-11.943479
3309,-11.790501
3310,-11.643392
3311,-11.502136
3312,-11.366725
3313,-11.238349
3314,-11.115801
3315,-11.0002985
3316,-10.89183
3317,-10.79162
3318,-10.697279
3319,-10.610026
3320,-10.528669
3321,-10.454427
3322,-10.387316
3323,-10.32615
3324,-10.270936
3325,-10.221693
3326,-10.177231
3327,-10.137546
3328,-10.10386
3329,-10.074973
3330,-10.049687
3331,-10.028012
3332,-10.009938
3333,-9.996683
3334,-9.985831
3335,-9.977396
3336,-9.971366
3337,-9.968958
3338,-9.96775
3339,-9.96775
3340,-9.970162
3341,-9.974985
3342,-9.979807
3343,-9.985831
3344,-9.993069
3345,-10.0002985
3346,-10.008737
3347,-10.017168
3348,-10.026806
3349,-10.036445
3350,-10.044871
3351,-10.054508
3352,-10.064139
3353,-10.073769
3354,-10.0834
3355,-10.0918255
3356,-10.100247
3357,-10.108674
3358,-10.117094
3359,-10.124315
3360,-10.132733
3361,-10.138749
3362,-10.145963
3363,-10.151979
3364,-10.157989
3365,-10.162799
3366,-10.167608
3367,-10.172419
3368,-10.177231
3369,-10.18084
3370,-10.184437
3371,-10.186844
3372,-10.19045
3373,-10.192855
3374,-10.195261
3375,-10.196456
3376,-10.198865
3377,-10.200062
3378,-10.201268
3379,-10.202472
3380,-10.202472
3381,-10.203673
3382,-10.203673
3383,-10.203673
3384,-10.203673
3385,-10.203673
3386,-10.203673
3387,-10.203673
3388,-10.203673
3389,-10.203673
3390,-10.203673
3391,-10.202472
3392,-10.202472
3393,-10.201268
3394,-10.201268
3395,-10.201268
3396,-10.200062
3397,-10.200062
3398,-10.198865
3399,-10.198865
3400,-10.197664
3401,-10.197664
3402,-10.196456
3403,-10.196456
3404,-10.196456
3405,-10.195261
3406,-10.195261
3407,-10.195261
3408,-10.194057
3409,-10.194057
3410,-10.194057
3411,-10.192855
3412,-10.192855
3413,-10.192855
3414,-10.192855
3415,-10.191656
3416,-10.191656
3417,-10.191656
3418,-10.191656
3419,-10.191656
3420,-10.191656
3421,-10.19045
3422,-10.19045
3423,-10.19045
3424,-10.19045
3425,-10.19045
3426,-10.19045
3427,-10.19045
3428,-10.19045
3429,-10.19045
3430,-10.19045
3431,-10.19045
3432,-10.19045
3433,-10.19045
3434,-10.19045
3435,-10.19045
3436,-10.19045
3437,-10.19045
3438,-10.19045
3439,-10.19045
3440,-10.19045
3441,-10.19045
3442,-10.19045
3443,-10.19045
3444,-10.19045
3445,-10.19045
3446,-10.19045
3447,-10.19045
3448,-10.19045
3449,-10.19045
3450,-10.19045
3451,-10.19045
3452,-10.19045
3453,-10.19045
3454,-10.19045
3455,-10.19045
3456,-10.19045
3457,-10.19045
3458,-10.19045
3459,-10.19045
3460,-10.191656
3461,-10.191656
3462,-10.191656
3463,-10.191656
3464,-10.191656
3465,-10.191656
3466,-10.191656
3467,-10.191656
3468,-10.191656
3469,-10.191656
3470,-10.191656
3471,-10.191656
3472,-10.191656
3473,-10.191656
3474,-10.191656
3475,-10.191656
3476,-10.191656
3477,-10.191656
3478,-10.191656
3479,-10.191656
3480,-10.191656
3481,-10.191656
3482,-10.191656
3483,-10.191656
3484,-10.191656
3485,-10.191656
3486,-10.191656
3487,-10.191656
3488,-10.191656
3489,-10.191656
3490,-10.191656
3491,-10.191656
3492,-10.191656
3493,-10.191656
3494,-10.191656
3495,-10.191656
3496,-10.191656
3497,-10.191656
3498,-10.191656
3499,-10.191656
3500,-94.825264
3501,-94.73499
3502,-94.476
3503,-94.05268
3504,-93.45692
3505,-92.66921
3506,-91.66125
3507,-90.399025
3508,-88.839035
3509,-86.94034
3510,-84.67108
3511,-82.01334
3512,-78.98988
3513,-75.66124
3514,-72.135895
3515,-68.54919
3516,-65.036606
3517,-61.71678
3518,-58.678696
3519,-55.967575
3520,-53.610416
3521,-51.60584
3522,-49.92743
3523,-48.53416
3524,-47.379242
3525,-46.41577
3526,-45.60454
3527,-44.915054
3528,-44.325718
3529,-43.81731
3530,-43.37857
3531,-43.000675
3532,-42.67623
3533,-42.40136
3534,-42.17035
3535,-41.980927
3536,-41.82926
3537,-41.71263
3538,-41.628323
3539,-41.572662
3540,-41.54385
3541,-41.53808
3542,-41.554417
3543,-41.588028
3544,-41.638874
3545,-41.703056
3546,-41.779583
3547,-41.86554
3548,-41.959957
3549,-42.06093
3550,-42.166534
3551,-42.274937
3552,-42.387104
3553,-42.499275
3554,-42.61246
3555,-42.724796
3556,-42.836327
3557,-42.946156
3558,-43.052376
3559,-43.156937
3560,-43.256973
3561,-43.35441
3562,-43.447308
3563,-43.53565
3564,-43.619404
3565,-43.69954
3566,-43.775036
3567,-43.844883
3568,-43.911
3569,-43.97139
3570,-44.02798
3571,-44.07976
3572,-44.12668
3573,-44.17072
3574,-44.20884
3575,-44.244022
3576,-44.275246
3577,-44.302483
3578,-44.32673
3579,-44.347973
3580,-44.36621
3581,-44.38041
3582,-44.3936
3583,-44.40375
3584,-44.410866
3585,-44.41697
3586,-44.421036
3587,-44.42307
3588,-44.424088
3589,-44.42307
3590,-44.42205
3591,-44.419
3592,-44.41493
3593,-44.410866
3594,-44.405792
3595,-44.400707
3596,-44.39461
3597,-44.388523
3598,-44.38142
3599,-44.375336
3600,-44.36824
3601,-44.36216
3602,-44.355072
3603,-44.347973
3604,-44.341908
3605,-44.33583
3606,-44.329765
3607,-44.3237
3608,-44.31764
3609,-44.312576
3610,-44.30652
3611,-44.302483
3612,-44.29743
3613,-44.293392
3614,-44.28936
3615,-44.28532
3616,-44.28129
3617,-44.27826
3618,-44.275246
3619,-44.27323
3620,-44.2702
3621,-44.26819
3622,-44.266167
3623,-44.26416
3624,-44.26315
3625,-44.26113
3626,-44.26013
3627,-44.259113
3628,-44.25811
3629,-44.25811
3630,-44.257107
3631,-44.257107
3632,-44.256096
3633,-44.256096
3634,-44.256096
3635,-44.256096
3636,-44.256096
3637,-44.256096
3638,-44.256096
3639,-44.257107
3640,-44.257107
3641,-44.257107
3642,-44.257107
3643,-44.25811
3644,-44.25811
3645,-44.25811
3646,-44.259113
3647,-44.259113
3648,-44.26013
3649,-44.26013
3650,-44.26013
3651,-44.26113
3652,-44.26113
3653,-44.26113
3654,-44.262146
3655,-44.262146
3656,-44.262146
3657,-44.26315
3658,-44.26315
3659,-44.26315
3660,-44.26416
3661,-44.26416
3662,-44.26416
3663,-44.26416
3664,-44.26416
3665,-44.26516
3666,-44.26516
3667,-44.26516
3668,-44.26516
3669,-44.26516
3670,-44.26516
3671,-44.26516
3672,-44.26516
3673,-44.26516
3674,-44.266167
3675,-44.266167
3676,-44.266167
3677,-44.266167
3678,-44.266167
3679,-44.266167
3680,-44.266167
3681,-44.266167
3682,-44.266167
3683,-44.266167
3684,-44.266167
3685,-44.266167
3686,-44.266167
3687,-44.266167
3688,-44.266167
3689,-44.266167
3690,-44.266167
3691,-44.266167
3692,-44.266167
3693,-44.266167
3694,-44.266167
3695,-44.266167
3696,-44.26516
3697,-44.26516
3698,-44.26516
3699,-44.26516
3700,-44.26516
3701,-44.26516
3702,-44.26516
3703,-44.26516
3704,-44.26516
3705,-44.26516
3706,-44.26516
3707,-44.26516
3708,-44.26516
3709,-44.26516
3710,-44.26516
3711,-44.26516
3712,-44.26516
3713,-44.26516
3714,-44.26516
3715,-44.26516
3716,-44.26516
3717,-44.26516
3718,-44.26516
3719,-44.26516
3720,-44.26516
3721,-44.26516
3722,-44.26516
3723,-44.26516
3724,-44.26516
3725,-44.26516
3726,-44.26516
3727,-44.26516
3728,-44.26516
3729,-44.26516
3730,-44.26516
3731,-44.26516
3732,-44.26516
3733,-44.26516
3734,-44.26516
3735,-44.26516
3736,-44.26516
3737,-44.26516
3738,-44.26516
3739,-44.26516
3740,-44.26516
3741,-44.26516
3742,-44.26516
3743,-44.26516
3744,-44.26516
3745,-44.26516
3746,-44.26516
3747,-44.26516
3748,-44.26516
3749,-44.26516
3750,16.82859
3751,16.791859
3752,16.689064
3753,16.52769
3754,16.312195
3755,16.044552
3756,15.723372
3757,15.344735
3758,14.901962
3759,14.384858
3760,13.781565
3761,13.078473
3762,12.261124
3763,11.316555
3764,10.235139
3765,9.0147295
3766,7.661813
3767,6.197217
3768,4.6554
3769,3.080098
3770,1.5221846
3771,0.026825786
3772,-1.3685346
3773,-2.6424584
3774,-3.7853603
3775,-4.7956824
3776,-5.6827106
3777,-6.4545608
3778,-7.1232533
3779,-7.6997795
3780,-8.194641
3781,-8.616898
3782,-8.974518
3783,-9.274405
3784,-9.522612
3785,-9.724346
3786,-9.884065
3787,-10.0061455
3788,-10.094115
3789,-10.151555
3790,-10.181615
3791,-10.187069
3792,-10.170797
3793,-10.135345
3794,-10.082986
3795,-10.015953
3796,-9.936379
3797,-9.845952
3798,-9.746641
3799,-9.639971
3800,-9.527481
3801,-9.410446
3802,-9.290189
3803,-9.167944
3804,-9.04461
3805,-8.92129
3806,-8.7987385
3807,-8.677728
3808,-8.55906
3809,-8.443151
3810,-8.330738
3811,-8.222175
3812,-8.117818
3813,-8.017942
3814,-7.9230175
3815,-7.8330164
3816,-7.7481117
3817,-7.6684704
3818,-7.594061
3819,-7.52495
3820,-7.4609876
3821,-7.402228
3822,-7.348414
3823,-7.299478
3824,-7.255163
3825,-7.2154856
3826,-7.180069
3827,-7.1488366
3828,-7.1213856
3829,-7.097633
3830,-7.077389
3831,-7.060338
3832,-7.0461926
3833,-7.03485
3834,-7.025996
3835,-7.019432
3836,-7.0149508
3837,-7.012347
3838,-7.011515
3839,-7.012135
3840,-7.014017
3841,-7.01714
3842,-7.0212007
3843,-7.0262046
3844,-7.03183
3845,-7.0380745
3846,-7.044839
3847,-7.051913
3848,-7.0591955
3849,-7.0667834
3850,-7.0743747
3851,-7.0820575
3852,-7.089637
3853,-7.097219
3854,-7.104581
3855,-7.1118464
3856,-7.1187944
3857,-7.1255283
3858,-7.13206
3859,-7.138271
3860,-7.1441774
3861,-7.1497693
3862,-7.1550455
3863,-7.160008
3864,-7.1646624
3865,-7.1689057
3866,-7.1729374
3867,-7.1765537
3868,-7.179966
3869,-7.1829615
3870,-7.1857567
3871,-7.1883373
3872,-7.190504
3873,-7.1925716
3874,-7.1943307
3875,-7.195876
3876,-7.19722
3877,-7.198357
3878,-7.199282
3879,-7.200002
3880,-7.2006235
3881,-7.2011404
3882,-7.201552
3883,-7.2017612
3884,-7.2018633
3885,-7.2019672
3886,-7.2018633
3887,-7.2017612
3888,-7.201552
3889,-7.201348
3890,-7.2010365
3891,-7.2007284
3892,-7.2004156
3893,-7.200002
3894,-7.199589
3895,-7.199181
3896,-7.1987643
3897,-7.198251
3898,-7.1978393
3899,-7.197425
3900,-7.1970105
3901,-7.1964912
3902,-7.1960797
3903,-7.195771
3904,-7.1953597
3905,-7.194946
3906,-7.1946383
3907,-7.194224
3908,-7.193914
3909,-7.193603
3910,-7.1933956
3911,-7.193086
3912,-7.192882
3913,-7.1925716
3914,-7.1923647
3915,-7.192159
3916,-7.1920547
3917,-7.1918464
3918,-7.1917424
3919,-7.19154
3920,-7.1914372
3921,-7.1913304
3922,-7.191229
3923,-7.191229
3924,-7.1911225
3925,-7.19102
3926,-7.19102
3927,-7.1909175
3928,-7.1909175
3929,-7.1909175
3930,-7.1909175
3931,-7.1909175
3932,-7.1909175
3933,-7.1909175
3934,-7.1909175
3935,-7.1909175
3936,-7.1909175
3937,-7.1909175
3938,-7.1909175
3939,-7.1909175
3940,-7.19102
3941,-7.19102
3942,-7.19102
3943,-7.19102
3944,-7.19102
3945,-7.1911225
3946,-7.1911225
3947,-7.1911225
3948,-7.1911225
3949,-7.191229
3950,-7.191229
3951,-7.191229
3952,-7.191229
3953,-7.191229
3954,-7.1913304
3955,-7.1913304
3956,-7.1913304
3957,-7.1913304
3958,-7.1913304
3959,-7.1913304
3960,-7.1913304
3961,-7.1914372
3962,-7.1914372
3963,-7.1914372
3964,-7.1914372
3965,-7.1914372
3966,-7.1914372
3967,-7.1914372
3968,-7.1914372
3969,-7.1914372
3970,-7.1914372
3971,-7.1914372
3972,-7.1914372
3973,-7.1914372
3974,-7.1914372
3975,-7.1914372
3976,-7.1914372
3977,-7.1914372
3978,-7.1914372
3979,-7.1914372
3980,-7.1914372
3981,-7.1914372
3982,-7.1914372
3983,-7.1914372
3984,-7.1914372
3985,-7.1914372
3986,-7.1914372
3987,-7.1914372
3988,-7.1914372
3989,-7.1914372
3990,-7.1914372
3991,-7.1914372
3992,-7.1914372
3993,-7.1914372
3994,-7.1914372
3995,-7.1914372
3996,-7.1914372
3997,-7.1914372
3998,-7.1914372
3999,-7.1914372
4000,51.515396
4001,51.440186
4002,51.228844
4003,50.895096
4004,50.445827
4005,49.881126
4006,49.195362
4007,48.378197
4008,47.416656
4009,46.298244
4010,45.01419
4011,43.563435
4012,41.955536
4013,40.213406
4014,38.372612
4015,36.47805
4016,34.579323
4017,32.7241
4018,30.952621
4019,29.296434
4020,27.774721
4021,26.397854
4022,25.16578
4023,24.073288
4024,23.111979
4025,22.269411
4026,21.534452
4027,20.895464
4028,20.340881
4029,19.863827
4030,19.453156
4031,19.10333
4032,18.80662
4033,18.558258
4034,18.352169
4035,18.185802
4036,18.054098
4037,17.95334
4038,17.881058
4039,17.833042
4040,17.809084
4041,17.804293
4042,17.817703
4043,17.846468
4044,17.889719
4045,17.944654
4046,18.01043
4047,18.085226
4048,18.167206
4049,18.255491
4050,18.34821
4051,18.445433
4052,18.54524
4053,18.645664
4054,18.748732
4055,18.850426
4056,18.951729
4057,19.05264
4058,19.15107
4059,19.24695
4060,19.340263
4061,19.430935
4062,19.516808
4063,19.599932
4064,19.678118
4065,19.753443
4066,19.823698
4067,19.889904
4068,19.950932
4069,20.00889
4070,20.06156
4071,20.10999
4072,20.155243
4073,20.195086
4074,20.231695
4075,20.265043
4076,20.293999
4077,20.31965
4078,20.343113
4079,20.362133
4080,20.378927
4081,20.393497
4082,20.404716
4083,20.414816
4084,20.421556
4085,20.427177
4086,20.430546
4087,20.432796
4088,20.43392
4089,20.432796
4090,20.431671
4091,20.429422
4092,20.426052
4093,20.421556
4094,20.41706
4095,20.411451
4096,20.405844
4097,20.400232
4098,20.39462
4099,20.387894
4100,20.38229
4101,20.375568
4102,20.368849
4103,20.363249
4104,20.356537
4105,20.35094
4106,20.345348
4107,20.339756
4108,20.334173
4109,20.328587
4110,20.32412
4111,20.31965
4112,20.315186
4113,20.310724
4114,20.307375
4115,20.302916
4116,20.299574
4117,20.297342
4118,20.293999
4119,20.291769
4120,20.289537
4121,20.287313
4122,20.285076
4123,20.283966
4124,20.282856
4125,20.280628
4126,20.279514
4127,20.279514
4128,20.2784
4129,20.277287
4130,20.277287
4131,20.27617
4132,20.27617
4133,20.27617
4134,20.27617
4135,20.27617
4136,20.27617
4137,20.27617
4138,20.27617
4139,20.27617
4140,20.277287
4141,20.277287
4142,20.277287
4143,20.277287
4144,20.2784
4145,20.2784
4146,20.2784
4147,20.279514
4148,20.279514
4149,20.279514
4150,20.280628
4151,20.280628
4152,20.280628
4153,20.28174
4154,20.28174
4155,20.28174
4156,20.28174
4157,20.282856
4158,20.282856
4159,20.282856
4160,20.282856
4161,20.283966
4162,20.283966
4163,20.283966
4164,20.283966
4165,20.283966
4166,20.283966
4167,20.283966
4168,20.285076
4169,20.285076
4170,20.285076
4171,20.285076
4172,20.285076
4173,20.285076
4174,20.285076
4175,20.285076
4176,20.285076
4177,20.285076
4178,20.285076
4179,20.285076
4180,20.285076
4181,20.285076
4182,20.285076
4183,20.285076
4184,20.285076
4185,20.285076
4186,20.285076
4187,20.285076
4188,20.285076
4189,20.285076
4190,20.285076
4191,20.285076
4192,20.285076
4193,20.285076
4194,20.285076
4195,20.285076
4196,20.285076
4197,20.285076
4198,20.285076
4199,20.285076
4200,20.285076
4201,20.285076
4202,20.285076
4203,20.285076
4204,20.285076
4205,20.285076
4206,20.285076
4207,20.285076
4208,20.285076
4209,20.285076
4210,20.285076
4211,20.285076
4212,20.285076
4213,20.285076
4214,20.285076
4215,20.285076
4216,20.285076
4217,20.285076
4218,20.285076
4219,20.285076
4220,20.285076
4221,20.285076
4222,20.285076
4223,20.285076
4224,20.285076
4225,20.285076
4226,20.285076
4227,20.285076
4228,20.285076
4229,20.285076
4230,20.285076
4231,20.285076
4232,20.285076
4233,20.285076
4234,20.285076
4235,20.285076
4236,20.285076
4237,20.285076
4238,20.285076
4239,20.285076
4240,20.285076
4241,20.285076
4242,20.285076
4243,20.285076
4244,20.285076
4245,20.285076
4246,20.285076
4247,20.285076
4248,20.285076
4249,20.285076
4250,0.35868096
4251,0.4197634
4252,0.59091604
4253,0.85119474
4254,1.185999
4255,1.579407
4256,2.0175557
4257,2.487612
4258,2.9800735
4259,3.484576
4260,3.9932275
4261,4.500592
4262,5.0005555
4263,5.489385
4264,5.963597
4265,6.4208727
4266,6.858946
4267,7.276558
4268,7.6743703
4269,8.048914
4270,8.402641
4271,8.733843
4272,9.042691
4273,9.329276
4274,9.59399
4275,9.837062
4276,10.058877
4277,10.259997
4278,10.441181
4279,10.602868
4280,10.746127
4281,10.8716345
4282,10.980379
4283,11.073282
4284,11.151391
4285,11.215559
4286,11.26686
4287,11.306301
4288,11.334887
4289,11.35364
4290,11.363492
4291,11.365273
4292,11.359928
4293,11.348299
4294,11.331328
4295,11.309544
4296,11.283702
4297,11.254526
4298,11.222657
4299,11.188626
4300,11.152852
4301,11.115961
4302,11.0782795
4303,11.04011
4304,11.001976
4305,10.964085
4306,10.926644
4307,10.890063
4308,10.854243
4309,10.81969
4310,10.786305
4311,10.754183
4312,10.723631
4313,10.694545
4314,10.667024
4315,10.641064
4316,10.616662
4317,10.594024
4318,10.57283
4319,10.553298
4320,10.53521
4321,10.518768
4322,10.503674
4323,10.49002
4324,10.477701
4325,10.466622
4326,10.456875
4327,10.448155
4328,10.44067
4329,10.434107
4330,10.428465
4331,10.423752
4332,10.419956
4333,10.4167795
4334,10.414322
4335,10.412578
4336,10.411349
4337,10.410632
4338,10.410427
4339,10.410527
4340,10.411149
4341,10.411965
4342,10.413093
4343,10.414425
4344,10.415961
4345,10.417701
4346,10.419549
4347,10.4214945
4348,10.423547
4349,10.425595
4350,10.427648
4351,10.4298
4352,10.431851
4353,10.433897
4354,10.435949
4355,10.438004
4356,10.43995
4357,10.441797
4358,10.44354
4359,10.445285
4360,10.446928
4361,10.448464
4362,10.4499
4363,10.451338
4364,10.452566
4365,10.453799
4366,10.454825
4367,10.455847
4368,10.456771
4369,10.457698
4370,10.458414
4371,10.45913
4372,10.459749
4373,10.460264
4374,10.460774
4375,10.461182
4376,10.461593
4377,10.461902
4378,10.462108
4379,10.462416
4380,10.462519
4381,10.462726
4382,10.462827
4383,10.462827
4384,10.462927
4385,10.462927
4386,10.462927
4387,10.462827
4388,10.462827
4389,10.462726
4390,10.462616
4391,10.462519
4392,10.462416
4393,10.462312
4394,10.462213
4395,10.462108
4396,10.462007
4397,10.461902
4398,10.461801
4399,10.461593
4400,10.461494
4401,10.461385
4402,10.4612875
4403,10.461182
4404,10.461081
4405,10.460979
4406,10.460879
4407,10.460774
4408,10.4606695
4409,10.460566
4410,10.460566
4411,10.460463
4412,10.460362
4413,10.460362
4414,10.460264
4415,10.460157
4416,10.460157
4417,10.4600525
4418,10.4600525
4419,10.4600525
4420,10.459957
4421,10.459957
4422,10.459957
4423,10.459957
4424,10.459851
4425,10.459851
4426,10.459851
4427,10.459851
4428,10.459851
4429,10.459851
4430,10.459851
4431,10.459851
4432,10.459851
4433,10.459851
4434,10.459851
4435,10.459851
4436,10.459851
4437,10.459851
4438,10.459851
4439,10.459851
4440,10.459851
4441,10.459851
4442,10.459851
4443,10.459851
4444,10.459851
4445,10.459851
4446,10.459957
4447,10.459957
4448,10.459957
4449,10.459957
4450,10.459957
4451,10.459957
4452,10.459957
4453,10.459957
4454,10.459957
4455,10.459957
4456,10.459957
4457,10.459957
4458,10.459957
4459,10.459957
4460,10.459957
4461,10.459957
4462,10.459957
4463,10.459957
4464,10.459957
4465,10.459957
4466,10.459957
4467,10.459957
4468,10.459957
4469,10.459957
4470,10.459957
4471,10.459957
4472,10.459957
4473,10.459957
4474,10.459957
4475,10.459957
4476,10.459957
4477,10.459957
4478,10.459957
4479,10.459957
4480,10.459957
4481,10.459957
4482,10.459957
4483,10.459957
4484,10.459957
4485,10.459957
4486,10.459957
4487,10.459957
4488,10.459957
4489,10.459957
4490,10.459957
4491,10.459957
4492,10.459957
4493,10.459957
4494,10.459957
4495,10.459957
4496,10.459957
4497,10.459957
4498,10.459957
4499,10.459957
4500,69.26106
4501,69.25249
4502,69.22655
4503,69.18025
4504,69.10808
4505,69.00263
4506,68.854706
4507,68.65373
4508,68.38729
4509,68.04142
4510,67.60036
4511,67.0476
4512,66.36439
4513,65.53335
4514,64.53809
4515,63.368114
4516,62.022755
4517,60.516468
4518,58.87797
4519,57.15247
4520,55.398033
4521,53.66679
4522,52.01057
4523,50.462387
4524,49.047085
4525,47.773464
4526,46.641937
4527,45.64598
4528,44.778976
4529,44.027493
4530,43.38097
4531,42.83065
4532,42.365997
4533,41.977505
4534,41.656677
4535,41.398273
4536,41.192932
4537,41.03677
4538,40.925133
4539,40.852615
4540,40.814125
4541,40.807137
4542,40.82812
4543,40.872475
4544,40.939198
4545,41.024994
4546,41.126534
4547,41.24169
4548,41.369495
4549,41.506554
4550,41.650604
4551,41.801792
4552,41.957775
4553,42.114918
4554,42.275715
4555,42.435207
4556,42.594578
4557,42.75253
4558,42.90645
4559,43.05752
4560,43.20435
4561,43.345547
4562,43.482292
4563,43.611855
4564,43.735428
4565,43.852932
4566,43.96425
4567,44.067947
4568,44.1653
4569,44.25484
4570,44.33787
4571,44.41568
4572,44.4855
4573,44.548622
4574,44.606373
4575,44.658737
4576,44.704285
4577,44.745758
4578,44.780365
4579,44.812237
4580,44.838596
4581,44.86081
4582,44.87887
4583,44.89277
4584,44.90528
4585,44.913635
4586,44.919197
4587,44.921986
4588,44.923374
4589,44.923374
4590,44.92059
4591,44.91642
4592,44.91085
4593,44.90528
4594,44.896942
4595,44.888596
4596,44.880253
4597,44.87053
4598,44.862198
4599,44.85247
4600,44.84137
4601,44.83166
4602,44.82194
4603,44.812237
4604,44.802536
4605,44.79283
4606,44.78452
4607,44.77482
4608,44.766518
4609,44.75821
4610,44.75129
4611,44.74437
4612,44.737457
4613,44.73054
4614,44.72501
4615,44.719486
4616,44.713955
4617,44.708427
4618,44.704285
4619,44.700138
4620,44.69738
4621,44.693233
4622,44.69047
4623,44.68772
4624,44.686337
4625,44.683567
4626,44.682194
4627,44.680817
4628,44.679436
4629,44.678047
4630,44.678047
4631,44.676666
4632,44.676666
4633,44.676666
4634,44.675293
4635,44.675293
4636,44.675293
4637,44.676666
4638,44.676666
4639,44.676666
4640,44.676666
4641,44.678047
4642,44.678047
4643,44.678047
4644,44.679436
4645,44.679436
4646,44.679436
4647,44.680817
4648,44.680817
4649,44.682194
4650,44.682194
4651,44.683567
4652,44.683567
4653,44.683567
4654,44.68495
4655,44.68495
4656,44.68495
4657,44.686337
4658,44.686337
4659,44.686337
4660,44.68772
4661,44.68772
4662,44.68772
4663,44.68772
4664,44.68772
4665,44.689095
4666,44.689095
4667,44.689095
4668,44.689095
4669,44.689095
4670,44.689095
4671,44.689095
4672,44.69047
4673,44.69047
4674,44.69047
4675,44.69047
4676,44.69047
4677,44.69047
4678,44.69047
4679,44.69047
4680,44.69047
4681,44.69047
4682,44.69047
4683,44.69047
4684,44.69047
4685,44.69047
4686,44.69047
4687,44.69047
4688,44.69047
4689,44.69047
4690,44.69047
4691,44.69047
4692,44.69047
4693,44.69047
4694,44.69047
4695,44.69047
4696,44.69047
4697,44.69047
4698,44.69047
4699,44.69047
4700,44.69047
4701,44.69047
4702,44.69047
4703,44.69047
4704,44.689095
4705,44.689095
4706,44.689095
4707,44.689095
4708,44.689095
4709,44.689095
4710,44.689095
4711,44.689095
4712,44.689095
4713,44.689095
4714,44.689095
4715,44.689095
4716,44.689095
4717,44.689095
4718,44.689095
4719,44.689095
4720,44.689095
4721,44.689095
4722,44.689095
4723,44.689095
4724,44.689095
4725,44.689095
4726,44.689095
4727,44.689095
4728,44.689095
4729,44.689095
4730,44.689095
4731,44.689095
4732,44.689095
4733,44.689095
4734,44.689095
4735,44.689095
4736,44.689095
4737,44.689095
4738,44.689095
4739,44.689095
4740,44.689095
4741,44.689095
4742,44.689095
4743,44.689095
4744,44.689095
4745,44.689095
4746,44.689095
4747,44.689095
4748,44.689095
4749,44.689095
4750,27.208675
4751,27.250507
4752,27.366243
4753,27.544281
4754,27.776827
4755,28.053535
4756,28.369255
4757,28.715921
4758,29.089682
4759,29.484472
4760,29.896639
4761,30.320066
4762,30.75216
4763,31.188904
4764,31.625828
4765,32.06021
4766,32.489086
4767,32.90921
4768,33.317123
4769,33.71161
4770,34.090187
4771,34.45036
4772,34.790844
4773,35.111774
4774,35.41073
4775,35.688015
4776,35.942726
4777,36.175392
4778,36.3853
4779,36.574604
4780,36.742817
4781,36.890896
4782,37.018482
4783,37.128124
4784,37.22102
4785,37.297
4786,37.357357
4787,37.403435
4788,37.43804
4789,37.459694
4790,37.471252
4791,37.474136
4792,37.466915
4793,37.453926
4794,37.433712
4795,37.40776
4796,37.377514
4797,37.342983
4798,37.304188
4799,37.264004
4800,37.22245
4801,37.178104
4802,37.13383
4803,37.088203
4804,37.04407
4805,36.99859
4806,36.954605
4807,36.912106
4808,36.86969
4809,36.82874
4810,36.78926
4811,36.75266
4812,36.716106
4813,36.68241
4814,36.65016
4815,36.61935
4816,36.59138
4817,36.564827
4818,36.539703
4819,36.517387
4820,36.495087
4821,36.476994
4822,36.458897
4823,36.443607
4824,36.428326
4825,36.41583
4826,36.404713
4827,36.39362
4828,36.3853
4829,36.37837
4830,36.371437
4831,36.365887
4832,36.36173
4833,36.357574
4834,36.354805
4835,36.35204
4836,36.35065
4837,36.35065
4838,36.35065
4839,36.35065
4840,36.35065
4841,36.35204
4842,36.35342
4843,36.354805
4844,36.35619
4845,36.358967
4846,36.360348
4847,36.363117
4848,36.365887
4849,36.367275
4850,36.370045
4851,36.37282
4852,36.37559
4853,36.376976
4854,36.37975
4855,36.382523
4856,36.383907
4857,36.386684
4858,36.389454
4859,36.390842
4860,36.39223
4861,36.39501
4862,36.396397
4863,36.39778
4864,36.399166
4865,36.400555
4866,36.40194
4867,36.403336
4868,36.404713
4869,36.404713
4870,36.4061
4871,36.40749
4872,36.40749
4873,36.40888
4874,36.40888
4875,36.40888
4876,36.410275
4877,36.410275
4878,36.410275
4879,36.410275
4880,36.410275
4881,36.411655
4882,36.411655
4883,36.411655
4884,36.411655
4885,36.411655
4886,36.411655
4887,36.411655
4888,36.411655
4889,36.411655
4890,36.411655
4891,36.410275
4892,36.410275
4893,36.410275
4894,36.410275
4895,36.410275
4896,36.410275
4897,36.410275
4898,36.410275
4899,36.410275
4900,36.410275
4901,36.410275
4902,36.40888
4903,36.40888
4904,36.40888
4905,36.40888
4906,36.40888
4907,36.40888
4908,36.40888
4909,36.40888
4910,36.40888
4911,36.40888
4912,36.40888
4913,36.40888
4914,36.40888
4915,36.40749
4916,36.40749
4917,36.40749
4918,36.40749
4919,36.40749
4920,36.40749
4921,36.40749
4922,36.40749
4923,36.40749
4924,36.40749
4925,36.40749
4926,36.40749
4927,36.40749
4928,36.40749
4929,36.40749
4930,36.40749
4931,36.40749
4932,36.40749
4933,36.40749
4934,36.40749
4935,36.40749
4936,36.40749
4937,36.40749
4938,36.40749
4939,36.40749
4940,36.40749
4941,36.40749
4942,36.40749
4943,36.40749
4944,36.40749
4945,36.40749
4946,36.40749
4947,36.40749
4948,36.40749
4949,36.40749
4950,36.40749
4951,36.40749
4952,36.40749
4953,36.40749
4954,36.40749
4955,36.40749
4956,36.40749
4957,36.40749
4958,36.40749
4959,36.40749
4960,36.40749
4961,36.40749
4962,36.40749
4963,36.40749
4964,36.40749
4965,36.40749
4966,36.40749
4967,36.40749
4968,36.40749
4969,36.40749
4970,36.40749
4971,36.40749
4972,36.40749
4973,36.40749
4974,36.40749
4975,36.40749
4976,36.40749
4977,36.40749
4978,36.40749
4979,36.40749
4980,36.40749
4981,36.40749
4982,36.40749
4983,36.40749
4984,36.40749
4985,36.40749
4986,36.40749
4987,36.40749
4988,36.40749
4989,36.40749
4990,36.40749
4991,36.40749
4992,36.40749
4993,36.40749
4994,36.40749
4995,36.40749
4996,36.40749
4997,36.40749
4998,36.40749
4999,36.40749
5000,-24.922506
5001,-24.822342
5002,-24.542152
5003,-24.102993
5004,-23.51928
5005,-22.802338
5006,-21.961653
5007,-21.005806
5008,-19.946497
5009,-18.79653
5010,-17.57269
5011,-16.291647
5012,-14.965854
5013,-13.606449
5014,-12.214135
5015,-10.7872305
5016,-9.322921
5017,-7.827073
5018,-6.322343
5019,-4.8458366
5020,-3.445519
5021,-2.1614673
5022,-1.0124315
5023,0.0032231212
5024,0.90054727
5025,1.6984357
5026,2.414349
5027,3.06101
5028,3.6469474
5029,4.177261
5030,4.65455
5031,5.0804157
5032,5.4557614
5033,5.781696
5034,6.0593705
5035,6.2904863
5036,6.4771647
5037,6.6218615
5038,6.7273817
5039,6.7967463
5040,6.8331566
5041,6.839852
5042,6.8200955
5043,6.7770977
5044,6.713949
5045,6.6336102
5046,6.5388803
5047,6.43235
5048,6.3164105
5049,6.1932497
5050,6.0648513
5051,5.9329634
5052,5.7991414
5053,5.66479
5054,5.5310793
5055,5.3990564
5056,5.2695885
5057,5.1432714
5058,5.0210147
5059,4.903044
5060,4.789827
5061,4.6817946
5062,4.5789685
5063,4.4815764
5064,4.389755
5065,4.303528
5066,4.2229323
5067,4.147805
5068,4.0780807
5069,4.013717
5070,3.9544713
5071,3.9002986
5072,3.8509562
5073,3.8063283
5074,3.7660706
5075,3.730075
5076,3.6981094
5077,3.66996
5078,3.6453178
5079,3.6240544
5080,3.6058726
5081,3.5905619
5082,3.5780113
5083,3.5678048
5084,3.5599546
5085,3.5541413
5086,3.550163
5087,3.54782
5088,3.5470057
5089,3.5476182
5090,3.5493505
5091,3.552103
5092,3.555774
5093,3.5601592
5094,3.5651562
5095,3.5707638
5096,3.576681
5097,3.5830073
5098,3.5896444
5099,3.5963783
5100,3.6031168
5101,3.6100624
5102,3.6168027
5103,3.6235423
5104,3.630183
5105,3.636725
5106,3.642958
5107,3.6490946
5108,3.6549256
5109,3.660451
5110,3.6657677
5111,3.670783
5112,3.6755893
5113,3.6799867
5114,3.684187
5115,3.6880724
5116,3.6916573
5117,3.6949353
5118,3.698007
5119,3.7007709
5120,3.7033327
5121,3.7055838
5122,3.7075338
5123,3.7093744
5124,3.7110152
5125,3.7123458
5126,3.7135758
5127,3.7145975
5128,3.7154214
5129,3.7161348
5130,3.7167516
5131,3.7171593
5132,3.717471
5133,3.7176702
5134,3.7177742
5135,3.71788
5136,3.7177742
5137,3.7176702
5138,3.7175694
5139,3.717367
5140,3.7170577
5141,3.7167516
5142,3.716447
5143,3.7161348
5144,3.7157295
5145,3.7153168
5146,3.7149098
5147,3.7145975
5148,3.7141895
5149,3.713781
5150,3.7133703
5151,3.7129629
5152,3.7126544
5153,3.7122436
5154,3.7119372
5155,3.7115233
5156,3.7112186
5157,3.7109118
5158,3.7106063
5159,3.7103987
5160,3.710092
5161,3.709887
5162,3.7096822
5163,3.7094777
5164,3.7092717
5165,3.709065
5166,3.7088583
5167,3.7087624
5168,3.7086549
5169,3.7084525
5170,3.708349
5171,3.7082477
5172,3.7082477
5173,3.708148
5174,3.7080438
5175,3.7080438
5176,3.7079372
5177,3.7079372
5178,3.7079372
5179,3.7079372
5180,3.7079372
5181,3.7078388
5182,3.7078388
5183,3.7078388
5184,3.7078388
5185,3.7079372
5186,3.7079372
5187,3.7079372
5188,3.7079372
5189,3.7079372
5190,3.7079372
5191,3.7079372
5192,3.7080438
5193,3.7080438
5194,3.7080438
5195,3.7080438
5196,3.7080438
5197,3.708148
5198,3.708148
5199,3.708148
5200,3.708148
5201,3.708148
5202,3.7082477
5203,3.7082477
5204,3.7082477
5205,3.7082477
5206,3.7082477
5207,3.7082477
5208,3.708349
5209,3.708349
5210,3.708349
5211,3.708349
5212,3.708349
5213,3.708349
5214,3.708349
5215,3.708349
5216,3.708349
5217,3.708349
5218,3.708349
5219,3.708349
5220,3.708349
5221,3.708349
5222,3.708349
5223,3.7084525
5224,3.7084525
5225,3.7084525
5226,3.7084525
5227,3.7084525
5228,3.7084525
5229,3.7084525
5230,3.7084525
5231,3.7084525
5232,3.7084525
5233,3.7084525
5234,3.7084525
5235,3.7084525
5236,3.7084525
5237,3.708349
5238,3.708349
5239,3.708349
5240,3.708349
5241,3.708349
5242,3.708349
5243,3.708349
5244,3.708349
5245,3.708349
5246,3.708349
5247,3.708349
5248,3.708349
5249,3.708349
5250,-96.721794
5251,-96.65904
5252,-96.47979
5253,-96.18874
5254,-95.78202
5255,-95.24828
5256,-94.56807
5257,-93.71306
5258,-92.64457
5259,-91.31263
5260,-89.65509
5261,-87.60399
5262,-85.09313
5263,-82.077194
5264,-78.55978
5265,-74.62594
5266,-70.4354
5267,-66.20614
5268,-62.147453
5269,-58.414795
5270,-55.094612
5271,-52.233383
5272,-49.83924
5273,-47.880646
5274,-46.2928
5275,-44.99768
5276,-43.92396
5277,-43.014584
5278,-42.228046
5279,-41.53763
5280,-40.92514
5281,-40.380733
5282,-39.89837
5283,-39.475945
5284,-39.11276
5285,-38.80741
5286,-38.557014
5287,-38.3614
5288,-38.21853
5289,-38.123104
5290,-38.073902
5291,-38.064285
5292,-38.09193
5293,-38.150616
5294,-38.236324
5295,-38.34613
5296,-38.473564
5297,-38.61693
5298,-38.77227
5299,-38.9358
5300,-39.106117
5301,-39.278637
5302,-39.453316
5303,-39.628014
5304,-39.801758
5305,-39.971516
5306,-40.137527
5307,-40.299995
5308,-40.45606
5309,-40.60699
5310,-40.75196
5311,-40.890186
5312,-41.021828
5313,-41.146053
5314,-41.263992
5315,-41.374763
5316,-41.478436
5317,-41.5751
5318,-41.66579
5319,-41.74856
5320,-41.825417
5321,-41.89637
5322,-41.96045
5323,-42.018642
5324,-42.071926
5325,-42.11932
5326,-42.16081
5327,-42.19837
5328,-42.230022
5329,-42.25872
5330,-42.282475
5331,-42.302284
5332,-42.319126
5333,-42.333004
5334,-42.342922
5335,-42.350853
5336,-42.35581
5337,-42.359776
5338,-42.360767
5339,-42.359776
5340,-42.357788
5341,-42.35382
5342,-42.348866
5343,-42.342922
5344,-42.33598
5345,-42.329037
5346,-42.321106
5347,-42.313183
5348,-42.304268
5349,-42.29535
5350,-42.286434
5351,-42.277527
5352,-42.267624
5353,-42.25872
5354,-42.2508
5355,-42.24189
5356,-42.233982
5357,-42.225075
5358,-42.218147
5359,-42.21024
5360,-42.203316
5361,-42.196392
5362,-42.190464
5363,-42.18453
5364,-42.179585
5365,-42.17464
5366,-42.1697
5367,-42.16476
5368,-42.16081
5369,-42.15785
5370,-42.153893
5371,-42.15093
5372,-42.14895
5373,-42.145992
5374,-42.14401
5375,-42.142036
5376,-42.14105
5377,-42.13907
5378,-42.13809
5379,-42.1371
5380,-42.13611
5381,-42.13611
5382,-42.135124
5383,-42.135124
5384,-42.135124
5385,-42.135124
5386,-42.135124
5387,-42.135124
5388,-42.135124
5389,-42.13611
5390,-42.13611
5391,-42.13611
5392,-42.1371
5393,-42.1371
5394,-42.13809
5395,-42.13809
5396,-42.13907
5397,-42.13907
5398,-42.14006
5399,-42.14006
5400,-42.14105
5401,-42.14105
5402,-42.142036
5403,-42.142036
5404,-42.143024
5405,-42.143024
5406,-42.14401
5407,-42.14401
5408,-42.14401
5409,-42.145004
5410,-42.145004
5411,-42.145992
5412,-42.145992
5413,-42.145992
5414,-42.145992
5415,-42.146976
5416,-42.146976
5417,-42.146976
5418,-42.146976
5419,-42.146976
5420,-42.146976
5421,-42.14797
5422,-42.14797
5423,-42.14797
5424,-42.14797
5425,-42.14797
5426,-42.14797
5427,-42.14797
5428,-42.14797
5429,-42.14797
5430,-42.14797
5431,-42.14797
5432,-42.14797
5433,-42.14797
5434,-42.14797
5435,-42.14797
5436,-42.14797
5437,-42.14797
5438,-42.14797
5439,-42.14797
5440,-42.14797
5441,-42.14797
5442,-42.14797
5443,-42.14797
5444,-42.14797
5445,-42.14797
5446,-42.14797
5447,-42.14797
5448,-42.14797
5449,-42.14797
5450,-42.14797
5451,-42.14797
5452,-42.14797
5453,-42.14797
5454,-42.14797
5455,-42.14797
5456,-42.14797
5457,-42.14797
5458,-42.14797
5459,-42.14797
5460,-42.14797
5461,-42.14797
5462,-42.14797
5463,-42.14797
5464,-42.14797
5465,-42.146976
5466,-42.146976
5467,-42.146976
5468,-42.146976
5469,-42.146976
5470,-42.146976
5471,-42.146976
5472,-42.146976
5473,-42.146976
5474,-42.146976
5475,-42.146976
5476,-42.146976
5477,-42.146976
5478,-42.146976
5479,-42.146976
5480,-42.146976
5481,-42.146976
5482,-42.146976
5483,-42.146976
5484,-42.146976
5485,-42.146976
5486,-42.146976
5487,-42.146976
5488,-42.146976
5489,-42.146976
5490,-42.146976
5491,-42.146976
5492,-42.146976
5493,-42.146976
5494,-42.146976
5495,-42.146976
5496,-42.146976
5497,-42.146976
5498,-42.146976
5499,-42.146976
5500,51.336514
5501,51.469265
5502,51.836514
5503,52.39233
5504,53.080994
5505,53.82744
5506,54.53722
5507,55.104202
5508,55.42152
5509,55.38699
5510,54.909042
5511,53.930466
5512,52.479694
5513,50.684586
5514,48.69707
5515,46.58987
5516,44.34497
5517,41.90638
5518,39.244698
5519,36.393265
5520,33.449883
5521,30.548727
5522,27.820507
5523,25.359182
5524,23.209808
5525,21.371622
5526,19.820114
5527,18.513657
5528,17.41545
5529,16.488417
5530,15.704738
5531,15.04383
5532,14.48647
5533,14.02025
5534,13.634573
5535,13.321704
5536,13.0734005
5537,12.883173
5538,12.745947
5539,12.656082
5540,12.609884
5541,12.6011715
5542,12.626447
5543,12.681371
5544,12.76341
5545,12.8682995
5546,12.991793
5547,13.132276
5548,13.287285
5549,13.452582
5550,13.627459
5551,13.809421
5552,13.9959545
5553,14.185398
5554,14.376952
5555,14.568903
5556,14.759466
5557,14.948678
5558,15.13373
5559,15.314574
5560,15.491155
5561,15.66147
5562,15.826362
5563,15.983777
5564,16.133556
5565,16.276522
5566,16.411554
5567,16.538483
5568,16.657158
5569,16.76743
5570,16.87017
5571,16.964241
5572,17.051569
5573,17.129986
5574,17.201468
5575,17.265928
5576,17.323292
5577,17.3735
5578,17.418596
5579,17.456429
5580,17.49013
5581,17.517548
5582,17.540781
5583,17.558758
5584,17.573574
5585,17.58416
5586,17.591574
5587,17.595816
5588,17.59688
5589,17.595816
5590,17.592638
5591,17.587341
5592,17.580984
5593,17.572514
5594,17.564047
5595,17.55347
5596,17.542898
5597,17.531277
5598,17.519663
5599,17.507
5600,17.494343
5601,17.481697
5602,17.470114
5603,17.457481
5604,17.445913
5605,17.433298
5606,17.422794
5607,17.411247
5608,17.400753
5609,17.390266
5610,17.380838
5611,17.372456
5612,17.364077
5613,17.355705
5614,17.34838
5615,17.34106
5616,17.33479
5617,17.328516
5618,17.323292
5619,17.318073
5620,17.31389
5621,17.30972
5622,17.305542
5623,17.302412
5624,17.30033
5625,17.297197
5626,17.295109
5627,17.293024
5628,17.291983
5629,17.29094
5630,17.289894
5631,17.288857
5632,17.287811
5633,17.287811
5634,17.287811
5635,17.287811
5636,17.287811
5637,17.287811
5638,17.287811
5639,17.288857
5640,17.288857
5641,17.289894
5642,17.289894
5643,17.29094
5644,17.29094
5645,17.291983
5646,17.293024
5647,17.293024
5648,17.294062
5649,17.295109
5650,17.296154
5651,17.296154
5652,17.297197
5653,17.297197
5654,17.298239
5655,17.29928
5656,17.29928
5657,17.30033
5658,17.30033
5659,17.301367
5660,17.301367
5661,17.302412
5662,17.302412
5663,17.302412
5664,17.303455
5665,17.303455
5666,17.303455
5667,17.303455
5668,17.3045
5669,17.3045
5670,17.3045
5671,17.3045
5672,17.3045
5673,17.3045
5674,17.305542
5675,17.305542
5676,17.305542
5677,17.305542
5678,17.305542
5679,17.305542
5680,17.305542
5681,17.305542
5682,17.305542
5683,17.305542
5684,17.305542
5685,17.305542
5686,17.305542
5687,17.305542
5688,17.305542
5689,17.305542
5690,17.305542
5691,17.305542
5692,17.305542
5693,17.305542
5694,17.305542
5695,17.305542
5696,17.305542
5697,17.305542
5698,17.305542
5699,17.3045
5700,17.3045
5701,17.3045
5702,17.3045
5703,17.3045
5704,17.3045
5705,17.3045
5706,17.3045
5707,17.3045
5708,17.3045
5709,17.3045
5710,17.3045
5711,17.3045
5712,17.3045
5713,17.3045
5714,17.3045
5715,17.3045
5716,17.3045
5717,17.3045
5718,17.3045
5719,17.3045
5720,17.3045
5721,17.3045
5722,17.3045
5723,17.3045
5724,17.3045
5725,17.3045
5726,17.3045
5727,17.3045
5728,17.3045
5729,17.3045
5730,17.3045
5731,17.3045
5732,17.3045
5733,17.3045
5734,17.3045
5735,17.3045
5736,17.3045
5737,17.3045
5738,17.3045
5739,17.3045
5740,17.3045
5741,17.3045
5742,17.3045
5743,17.3045
5744,17.3045
5745,17.3045
5746,17.3045
5747,17.3045
5748,17.3045
5749,17.3045
5750,-35.92064
5751,-35.78416
5752,-35.39941
5753,-34.784046
5754,-33.950462
5755,-32.909897
5756,-31.680628
5757,-30.28546
5758,-28.748453
5759,-27.08588
5760,-25.302284
5761,-23.414444
5762,-21.494335
5763,-19.666794
5764,-18.04039
5765,-16.650871
5766,-15.471772
5767,-14.453789
5768,-13.5519285
5769,-12.733418
5770,-11.97682
5771,-11.269112
5772,-10.602791
5773,-9.974144
5774,-9.381731
5775,-8.82568
5776,-8.306781
5777,-7.826211
5778,-7.3850274
5779,-6.9838886
5780,-6.6233106
5781,-6.3031073
5782,-6.0226016
5783,-5.780708
5784,-5.575974
5785,-5.406173
5786,-5.270606
5787,-5.165281
5788,-5.0894537
5789,-5.038772
5790,-5.0122375
5791,-5.0076184
5792,-5.0226235
5793,-5.0526013
5794,-5.0986567
5795,-5.157252
5796,-5.22601
5797,-5.3025684
5798,-5.3879895
5799,-5.477634
5800,-5.571465
5801,-5.669074
5802,-5.7678437
5803,-5.86731
5804,-5.9666677
5805,-6.064929
5806,-6.1615415
5807,-6.255984
5808,-6.34773
5809,-6.4362626
5810,-6.5213966
5811,-6.602859
5812,-6.6803603
5813,-6.7539344
5814,-6.8232017
5815,-6.8884144
5816,-6.949398
5817,-7.0061893
5818,-7.0589213
5819,-7.1076303
5820,-7.152456
5821,-7.193407
5822,-7.230729
5823,-7.2645426
5824,-7.294967
5825,-7.322119
5826,-7.3463306
5827,-7.367605
5828,-7.386271
5829,-7.4023275
5830,-7.415995
5831,-7.4275823
5832,-7.43709
5833,-7.44474
5834,-7.4507327
5835,-7.4550734
5836,-7.4580617
5837,-7.4598265
5838,-7.460441
5839,-7.460029
5840,-7.458687
5841,-7.4566197
5842,-7.45394
5843,-7.450529
5844,-7.4468064
5845,-7.4425726
5846,-7.438022
5847,-7.4332733
5848,-7.4283037
5849,-7.423241
5850,-7.418064
5851,-7.4128866
5852,-7.4077153
5853,-7.402642
5854,-7.3976655
5855,-7.392695
5856,-7.388033
5857,-7.383364
5858,-7.379018
5859,-7.3747654
5860,-7.370718
5861,-7.3669844
5862,-7.3633533
5863,-7.3600335
5864,-7.3568177
5865,-7.353909
5866,-7.3512087
5867,-7.3487153
5868,-7.3464336
5869,-7.3443565
5870,-7.3423805
5871,-7.3407187
5872,-7.3391623
5873,-7.3378096
5874,-7.336566
5875,-7.335527
5876,-7.334697
5877,-7.3338633
5878,-7.333245
5879,-7.332721
5880,-7.3323083
5881,-7.331892
5882,-7.331682
5883,-7.3315787
5884,-7.3314753
5885,-7.3313704
5886,-7.3314753
5887,-7.3314753
5888,-7.331682
5889,-7.3317866
5890,-7.331998
5891,-7.3322024
5892,-7.332515
5893,-7.332721
5894,-7.333037
5895,-7.3333416
5896,-7.3335547
5897,-7.3338633
5898,-7.3341794
5899,-7.3344865
5900,-7.334798
5901,-7.335113
5902,-7.3354263
5903,-7.3356304
5904,-7.3359466
5905,-7.3361526
5906,-7.3364644
5907,-7.3366704
5908,-7.336879
5909,-7.3370857
5910,-7.337293
5911,-7.3375006
5912,-7.3376045
5913,-7.3378096
5914,-7.337919
5915,-7.338024
5916,-7.3382287
5917,-7.3383317
5918,-7.3384376
5919,-7.3384376
5920,-7.338542
5921,-7.3386445
5922,-7.3386445
5923,-7.338748
5924,-7.338748
5925,-7.3388515
5926,-7.3388515
5927,-7.3388515
5928,-7.3389573
5929,-7.3389573
5930,-7.3389573
5931,-7.3389573
5932,-7.3389573
5933,-7.3389573
5934,-7.3389573
5935,-7.3389573
5936,-7.3389573
5937,-7.3389573
5938,-7.3389573
5939,-7.3388515
5940,-7.3388515
5941,-7.3388515
5942,-7.3388515
5943,-7.3388515
5944,-7.3388515
5945,-7.3388515
5946,-7.338748
5947,-7.338748
5948,-7.338748
5949,-7.338748
5950,-7.338748
5951,-7.338748
5952,-7.338748
5953,-7.3386445
5954,-7.3386445
5955,-7.3386445
5956,-7.3386445
5957,-7.3386445
5958,-7.3386445
5959,-7.3386445
5960,-7.3386445
5961,-7.3386445
5962,-7.3386445
5963,-7.338542
5964,-7.338542
5965,-7.338542
5966,-7.338542
5967,-7.338542
5968,-7.338542
5969,-7.338542
5970,-7.338542
5971,-7.338542
5972,-7.338542
5973,-7.338542
5974,-7.338542
5975,-7.338542
5976,-7.338542
5977,-7.338542
5978,-7.338542
5979,-7.338542
5980,-7.338542
5981,-7.338542
5982,-7.338542
5983,-7.338542
5984,-7.338542
5985,-7.338542
5986,-7.338542
5987,-7.338542
5988,-7.338542
5989,-7.338542
5990,-7.338542
5991,-7.338542
5992,-7.338542
5993,-7.338542
5994,-7.338542
5995,-7.338542
5996,-7.338542
5997,-7.338542
5998,-7.338542
5999,-7.338542
