0.0,-0.40091214792489505
0.02,-0.3994185418668455
0.04,-0.3952788475965815
0.06,-0.3889191139932605
0.08,-0.38069952437368143
0.1,-0.37092446186324096
0.12,-0.35985584665965314
0.14,-0.3477129936047216
0.16,-0.33468151874215896
0.18,-0.32092599265746574
0.2,-0.3065818429007727
0.22,-0.29176877780001825
0.24,-0.27658804531188375
0.26,-0.2611250701525034
0.28,-0.24546293675780761
0.3,-0.2296606816724515
0.32,-0.21377761163512626
0.34,-0.19786242969922313
0.36,-0.18196134357528382
0.38,-0.16611259825564165
0.4,-0.1503491572574006
0.42,-0.13469593726685086
0.44,-0.11918343699490841
0.46,-0.10382859574016819
0.48,-0.08867583855075181
0.5,-0.07369841795352759
0.52,-0.058951887417114684
0.54,-0.04440951341010222
0.56,-0.030127037674018774
0.58,-0.016077734321257097
0.6,-0.002317521224470321
0.62,0.011207943644456049
0.64,0.02444265975291246
0.66,0.037413436711346296
0.68,0.05009181421264638
0.7,0.06250468605546856
0.72,0.07459582899430126
0.74,0.08641991584451016
0.76,0.09792066210140461
0.78,0.10915287233700945
0.8,0.12008804188759029
0.82,0.13072545265851296
0.84,0.14109228355257908
0.86,0.15113211781287755
0.88,0.16090006956818487
0.9,0.1703676163040408
0.92,0.17956208894933062
0.94,0.18845496164875325
0.96,0.19707363761163424
0.98,0.20541759859846662
1.0,0.21348634246161105
1.02,0.22127938322070198
1.04,0.22882430678702453
1.06,0.23609263345194648
1.08,0.2430839244852597
1.1,0.24985395400897592
1.12,0.2563461721849207
1.14,0.26261643452719474
1.16,0.26860816523379244
1.18,0.2744054453455042
1.2,0.27995171086640597
1.22,0.2852466594490203
1.24,0.2903463628444174
1.26,0.29525060483891447
1.28,0.2999027778869131
1.3,0.3043590453275793
1.32,0.308647435382772
1.34,0.3127113405342037
1.36,0.3165787968915993
1.38,0.32027788109049254
1.4,0.3237802102114222
1.42,0.32711389018993686
1.44,0.3302787995113498
1.46,0.33327482278088666
1.48,0.3361301239101993
1.5,0.33881633744163153
1.52,0.3413333653645013
1.54,0.34373769300212587
1.56,0.3459726753947894
1.58,0.3480948258212109
1.6,0.35007579110258036
1.62,0.3519438162430407
1.64,0.35367054693218464
1.66,0.35528424267728825
1.68,0.35678486418834565
1.7,0.35817237492382487
1.72,0.35947506166341026
1.74,0.3606645775707213
1.76,0.361769218900552
1.78,0.3627606381727263
1.8,0.3636671403177087
1.82,0.3644887087723034
1.84,0.3652536608298128
1.86,0.36590531974135987
1.88,0.366500339245124
1.9,0.36703871209196554
1.92,0.36749209481331513
1.94,0.3678888167801172
1.96,0.36820053481037346
1.98,0.3684839208810841
2.0,0.36871063388166886
2.02,0.36888067104949923
2.04,0.3689940303125426
2.06,0.3690507102894152
2.08,0.36907905036419025
2.1,0.36907905036419025
2.12,0.3690223702721999
2.14,0.3689373505659041
2.16,0.36879565220657484
2.18,0.36865395528618317
2.2,0.3684555820150143
2.22,0.36822887315844705
2.24,0.36800216798537033
2.26,0.36771879169881666
2.28,0.36743542116744937
2.3,0.3671237202300084
2.32,0.3668120262559659
2.34,0.3664436696276137
2.36,0.3661036567563045
2.38,0.3657069855459913
2.4,0.3653386580920684
2.42,0.3649420086320106
2.44,0.36451703958201676
2.46,0.36409208347741673
2.48,0.3636671403177087
2.5,0.3632422101023911
2.52,0.3627889654730806
2.54,0.3623357355704298
2.56,0.36191084591095046
2.58,0.36145764453946766
2.6,0.36097613421633784
2.62,0.36052296321422866
2.64,0.360069806935731
2.66,0.35961666538023435
2.68,0.3591635385471287
2.7,0.3587104264358031
2.72,0.35825732904564794
2.74,0.3578042463760529
2.76,0.3573511784264062
2.78,0.35692644059177353
2.8,0.35647340116028986
2.82,0.356048690060359
2.84,0.35562399189580235
2.86,0.3551993066661162
2.88,0.3547746343707965
2.9,0.3543782852310602
2.92,0.3539536379407534
2.94,0.35355731213814956
2.96,0.3531609976011186
2.98,0.35279300133223096
3.0,0.3523967085205029
3.02,0.35202873242440313
3.04,0.35166076604062124
3.06,0.3513211133834012
3.08,0.3509531656762311
3.1,0.35061353025839925
3.12,0.3502739031150757
3.14,0.3499625855023997
3.16,0.3496512748421925
3.18,0.34933997113425463
3.2,0.34902867437838686
3.22,0.3487456833602184
3.24,0.34846269808724784
3.26,0.3481797185593256
3.28,0.34789674477630167
3.3,0.3476420732833448
3.32,0.3473874064435247
3.34,0.3471327442567324
3.36,0.34690638177463023
3.38,0.3466517283765931
3.4,0.3464253737065437
3.42,0.3462273163858369
3.44,0.34600096860848795
3.46,0.34580291731877605
3.48,0.34560486884344704
3.5,0.34540682318245025
3.52,0.3452370719986782
3.54,0.3450390315641608
3.56,0.34486928486015234
3.58,0.34472783085284464
3.6,0.3445580879392868
3.62,0.34441663709064213
3.64,0.34427518767772425
3.66,0.3441337397005133
3.68,0.3439922931589907
3.7,0.34385084805313815
3.72,0.34373769300212587
3.74,0.3436245388699206
3.76,0.3435113856565125
3.78,0.3433982333618922
3.8,0.34331336974387583
3.82,0.3432002190571111
3.84,0.3431153566449752
3.86,0.3430304947496388
3.88,0.3429456333710975
3.9,0.3428607725093474
3.92,0.34277591216438363
3.94,0.34271933888817674
3.96,0.34266276584164995
3.98,0.34257790670250793
4.0,0.3425213342301762
4.02,0.34246476198752046
4.04,0.34240818997453976
4.06,0.3423799040541769
4.08,0.3423233323857057
4.1,0.3422667609469063
4.12,0.34223847531363305
4.14,0.34221018973777734
4.16,0.3421536187583177
4.18,0.3421253333547133
4.2,0.3420970480085262
4.22,0.3420687627197557
4.24,0.34204047748840216
4.26,0.34204047748840216
4.28,0.34201219231446417
4.3,0.34198390719794325
4.32,0.34198390719794325
4.34,0.34195562213883773
4.36,0.34195562213883773
4.38,0.3419273371371489
4.4,0.3419273371371489
4.42,0.3419273371371489
4.44,0.34189905219287514
4.46,0.34189905219287514
4.48,0.34189905219287514
4.5,0.34189905219287514
4.52,0.34189905219287514
4.54,0.34189905219287514
4.56,0.34189905219287514
4.58,0.34189905219287514
4.6,0.34189905219287514
4.62,0.34189905219287514
4.64,0.34189905219287514
4.66,0.34189905219287514
4.68,0.3419273371371489
4.7,0.3419273371371489
4.72,0.3419273371371489
4.74,0.3419273371371489
4.76,0.34195562213883773
4.78,0.34195562213883773
4.8,0.34195562213883773
4.82,0.34198390719794325
4.84,0.34198390719794325
4.86,0.34198390719794325
4.88,0.34201219231446417
4.9,0.34201219231446417
4.92,0.34201219231446417
4.94,0.34204047748840216
4.96,0.34204047748840216
4.98,0.3420687627197557
5.0,0.3420687627197557
5.02,0.3420687627197557
5.04,0.3420970480085262
5.06,0.3420970480085262
5.08,0.3421253333547133
5.1,0.3421253333547133
5.12,0.3421253333547133
5.14,0.3421536187583177
5.16,0.3421536187583177
5.18,0.34218190421933925
5.2,0.34218190421933925
5.22,0.34218190421933925
5.24,0.34221018973777734
5.26,0.34221018973777734
5.28,0.34221018973777734
5.3,0.34223847531363305
5.32,0.34223847531363305
5.34,0.3422667609469063
5.36,0.3422667609469063
5.38,0.3422667609469063
5.4,0.3422950466375971
5.42,0.3422950466375971
5.44,0.3422950466375971
5.46,0.3423233323857057
5.48,0.3423233323857057
5.5,0.3423233323857057
5.52,0.3423516181912323
5.54,0.3423516181912323
5.56,0.3423516181912323
5.58,0.3423799040541769
5.6,0.3423799040541769
5.62,0.3423799040541769
5.64,0.3423799040541769
5.66,0.34240818997453976
5.68,0.34240818997453976
5.7,0.34240818997453976
5.72,0.34240818997453976
5.74,0.342436475952321
5.76,0.342436475952321
5.78,0.342436475952321
5.8,0.342436475952321
5.82,0.34246476198752046
5.84,0.34246476198752046
5.86,0.34246476198752046
5.88,0.34246476198752046
5.9,0.34246476198752046
5.92,0.3424930480801389
5.94,0.3424930480801389
5.96,0.3424930480801389
5.98,0.3424930480801389
6.0,-9.137629702110647
6.02,-9.140423276248486
6.04,-9.148161864701475
6.06,-9.16001399284084
6.08,-9.175264860562997
6.1,-9.19330979433737
6.12,-9.213608788465605
6.14,-9.235724825278979
6.16,-9.259275787183798
6.18,-9.283946479100162
6.2,-9.309452385324992
6.22,-9.335562892827713
6.24,-9.362091845634215
6.26,-9.388866409836151
6.28,-9.415747388372688
6.3,-9.442619060403963
6.32,-9.469380529314599
6.34,-9.495950780257559
6.36,-9.52225910435449
6.38,-9.548246903300525
6.4,-9.573865045299566
6.42,-9.599081044421238
6.44,-9.623848429588001
6.46,-9.64815401536063
6.48,-9.671963894496962
6.5,-9.69526607343838
6.52,-9.718048863267244
6.54,-9.740300851522122
6.56,-9.762021138528619
6.58,-9.783188382257055
6.6,-9.803822234259892
6.62,-9.823901478477554
6.64,-9.84343534049359
6.66,-9.86243270686461
6.68,-9.880882356052005
6.7,-9.898802700296907
6.72,-9.916192047661875
6.74,-9.933058338063251
6.76,-9.949399527024822
6.78,-9.965232728744507
6.8,-9.980564990151729
6.82,-9.995393542747193
6.84,-10.00974400689465
6.86,-10.02361303909173
6.88,-10.037016037728835
6.9,-10.049958626274051
6.92,-10.062446197922275
6.94,-10.074493220916967
6.96,-10.086104542109517
6.98,-10.097294035017542
7.0,-10.108075245654707
7.02,-10.118443074714792
7.04,-10.128419781527791
7.06,-10.13801811071323
7.08,-10.147232373801076
7.1,-10.15608400679839
7.12,-10.164585061799293
7.14,-10.172729344579166
7.16,-10.180537578301209
7.18,-10.18802121761311
7.2,-10.195182575833
7.22,-10.202032779168013
7.24,-10.208582770914159
7.26,-10.214834438570303
7.28,-10.220807310118252
7.3,-10.226502990864859
7.32,-10.231931840715733
7.34,-10.237095262516661
7.36,-10.242012195913512
7.38,-10.24667502780925
7.4,-10.251111247519454
7.42,-10.255321835301825
7.44,-10.2593077193873
7.46,-10.263078520042285
7.48,-10.266643765478939
7.5,-10.270012898451236
7.52,-10.273186568226432
7.54,-10.276174091001913
7.56,-10.278984712255912
7.58,-10.281618922338994
7.6,-10.284094545859968
7.62,-10.286403294549512
7.64,-10.288562889604263
7.66,-10.290573649901104
7.68,-10.292435872004148
7.7,-10.294167138012321
7.72,-10.295767672892449
7.74,-10.297246329437272
7.76,-10.298603286710236
7.78,-10.299838708910322
7.8,-10.300970014059809
7.82,-10.30199731938053
7.84,-10.302920731255615
7.86,-10.303748971585886
7.88,-10.304482118923618
7.9,-10.305128865140034
7.92,-10.305689265958517
7.94,-10.306180608371665
7.96,-10.306585689929285
7.98,-10.306921779976772
8.0,-10.307197518091096
8.02,-10.30740430506942
8.04,-10.307542155147537
8.06,-10.307628308234209
8.08,-10.307662768777062
8.1,-10.30764553855505
8.12,-10.307576616678704
8.14,-10.307464615256947
8.16,-10.307309529471244
8.18,-10.30711996930441
8.2,-10.306887310932952
8.22,-10.30662016243375
8.24,-10.306318514607943
8.26,-10.305990976961066
8.28,-10.305637541030366
8.3,-10.305249575685938
8.32,-10.304844313952493
8.34,-10.304421748841326
8.36,-10.303973247404857
8.38,-10.303507425063676
8.4,-10.303024273778375
8.42,-10.302532415027583
8.44,-10.302023213298284
8.46,-10.301496659796143
8.48,-10.300970014059809
8.5,-10.300434640245806
8.52,-10.299881896309444
8.54,-10.299329050757194
8.56,-10.298776103559469
8.58,-10.29821441249112
8.6,-10.297652616514501
8.62,-10.297082070149289
8.64,-10.29652006264783
8.66,-10.295949301439508
8.68,-10.295387082287043
8.7,-10.294824758070037
8.72,-10.294262328757391
8.74,-10.293708449490364
8.76,-10.293154468276658
8.78,-10.29260038508655
8.8,-10.292054859818615
8.82,-10.291517897151973
8.84,-10.290989501693657
8.86,-10.29046101348957
8.88,-10.289941098523922
8.9,-10.289429761260502
8.92,-10.288927006090697
8.94,-10.28842416698232
8.96,-10.287938587485899
8.98,-10.28746160284641
9.0,-10.286984542668895
9.02,-10.286524758648776
9.04,-10.286073581593858
9.06,-10.285631015385999
9.08,-10.2851970638339
9.1,-10.284771730673022
9.12,-10.28435501956549
9.14,-10.283946934100015
9.16,-10.28354747779182
9.18,-10.283165339604437
9.2,-10.282783152963413
9.22,-10.282418293233452
9.24,-10.282062078038615
9.26,-10.281714510450925
9.28,-10.281375593468397
9.3,-10.281045330014974
9.32,-10.28073241547461
9.34,-10.280419468456843
9.36,-10.280115183270015
9.38,-10.279828257682103
9.4,-10.279550000734524
9.42,-10.279271718109841
9.44,-10.27901080482584
9.46,-10.278758567193346
9.48,-10.27850630846376
9.5,-10.27827142792068
9.52,-10.278045229368514
9.54,-10.277819013852046
9.56,-10.277610184470337
9.58,-10.277410042745874
9.6,-10.277209887741662
9.62,-10.27701842270142
9.64,-10.276835649281015
9.66,-10.276661569061295
9.68,-10.276496183548074
9.7,-10.276339494172086
9.72,-10.276182796657993
9.74,-10.276034797088256
9.76,-10.275895496743463
9.78,-10.275764896829024
9.8,-10.275634291261415
9.82,-10.275512387630892
9.84,-10.2753991869925
9.86,-10.275285982107137
9.88,-10.275181481520159
9.9,-10.275085686136121
9.92,-10.274989887710854
9.94,-10.274902795594121
9.96,-10.274815700963734
9.98,-10.274737313647115
10.0,-10.27466763432291
10.02,-10.274597953389765
10.04,-10.274528270847624
10.06,-10.274467297303321
10.08,-10.274406322527048
10.1,-10.274354057452518
10.12,-10.27430179147281
10.14,-10.27425823579825
10.16,-10.274214679495062
10.18,-10.274171122563232
10.2,-10.274136276565137
10.22,-10.274101430164695
10.24,-10.27407529510032
10.26,-10.274040447995754
10.28,-10.274023024292584
10.3,-10.273996888549217
10.32,-10.273970752579512
10.34,-10.273953328473965
10.36,-10.273935904267821
10.38,-10.273927192127028
10.4,-10.273909767769988
10.42,-10.273901055553743
10.44,-10.27389234331235
10.46,-10.27389234331235
10.48,-10.273883631045805
10.5,-10.273883631045805
10.52,-10.273874918754112
10.54,-10.273874918754112
10.56,-10.273874918754112
10.58,-10.273883631045805
10.6,-10.273883631045805
10.62,-10.273883631045805
10.64,-10.27389234331235
10.66,-10.273901055553743
10.68,-10.273901055553743
10.7,-10.273909767769988
10.72,-10.27391847996108
10.74,-10.273927192127028
10.76,-10.273935904267821
10.78,-10.273953328473965
10.8,-10.273962040539313
10.82,-10.273970752579512
10.84,-10.273979464594563
10.86,-10.273996888549217
10.88,-10.27400560048882
10.9,-10.274023024292584
10.92,-10.274031736156742
10.94,-10.274049159809616
10.96,-10.274057871598332
10.98,-10.27407529510032
11.0,-10.274092718501716
11.02,-10.274101430164695
11.04,-10.27411885341521
11.06,-10.274136276565137
11.08,-10.27414498810238
11.1,-10.274162411101427
11.12,-10.274171122563232
11.14,-10.274188545411402
11.16,-10.274205968158986
11.18,-10.274214679495062
11.2,-10.274232102091773
11.22,-10.274249524587901
11.24,-10.27425823579825
11.26,-10.274275658143509
11.28,-10.274284369278421
11.3,-10.27430179147281
11.32,-10.27431050253229
11.34,-10.274327924575813
11.36,-10.274336635559859
11.38,-10.274354057452518
11.4,-10.274362768361131
11.42,-10.274380190102928
11.44,-10.274388900936112
11.46,-10.274397611744151
11.48,-10.2744150332848
11.5,-10.274423744017412
11.52,-10.274432454724877
11.54,-10.274449876064386
11.56,-10.274458586696424
11.58,-10.274467297303321
11.6,-10.274476007885076
11.62,-10.27448471844169
11.64,-10.27449342897316
11.66,-10.274510849960675
11.68,-10.274519560416719
11.7,-10.274528270847624
11.72,-10.274536981253386
11.74,-10.274545691634005
11.76,-10.274554401989484
11.78,-10.274554401989484
11.8,-10.274563112319823
11.82,-10.274571822625019
11.84,-10.274580532905075
11.86,-10.27458924315999
11.88,-10.274597953389765
11.9,-10.274597953389765
11.92,-10.2746066635944
11.94,-10.274615373773893
11.96,-10.274624083928245
11.98,-10.274624083928245
12.0,-13.755105249432285
12.02,-13.756476131317719
12.04,-13.760277739447272
12.06,-13.766129379825438
12.08,-13.773717491145435
12.1,-13.782781449365887
12.12,-13.793094511799554
12.14,-13.804471724454777
12.16,-13.816751981814102
12.18,-13.829815929618249
12.2,-13.843495924982527
12.22,-13.857744745524089
12.24,-13.872452207457973
12.26,-13.88756667150442
12.28,-13.902971935664647
12.3,-13.918642583083054
12.32,-13.934520235866662
12.34,-13.950544274342231
12.36,-13.96668429963581
12.38,-13.9829087062603
12.4,-13.999184648573518
12.42,-14.015478014007948
12.44,-14.031753403652603
12.46,-14.0479741207651
12.48,-14.064170961343365
12.5,-14.080237066030847
12.52,-14.09620187133625
12.54,-14.112060669229553
12.56,-14.12777308081723
12.58,-14.143297474206127
12.6,-14.158663433401138
12.62,-14.173865203555485
12.64,-14.188860204722268
12.66,-14.203641786696561
12.68,-14.218165931591205
12.7,-14.232500518142205
12.72,-14.246563928115714
12.74,-14.260387023558366
12.76,-14.273963330644422
12.78,-14.28724768213247
12.8,-14.300271955240886
12.82,-14.31302988123625
12.84,-14.325515269803974
12.86,-14.33768226211322
12.88,-14.349564123472735
12.9,-14.361195179473963
12.92,-14.372489418225014
12.94,-14.383521821861692
12.96,-14.394205702120779
12.98,-14.404658261421485
13.0,-14.414751516299653
13.02,-14.424562658058166
13.04,-14.434087210557015
13.06,-14.443320807138143
13.08,-14.452259194757907
13.1,-14.460898238000903
13.12,-14.469233922972679
13.14,-14.477304921231843
13.16,-14.485065226076554
13.18,-14.492554060198856
13.2,-14.49976834875693
13.22,-14.506705119712747
13.24,-14.513404797488555
13.26,-14.519778169596945
13.28,-14.52595283346942
13.3,-14.53179596994259
13.32,-14.537436116064168
13.34,-14.542827708716636
13.36,-14.5479688149255
13.38,-14.552901680557877
13.4,-14.557580641510462
13.42,-14.562048289259133
13.44,-14.566258916598745
13.46,-14.570299892714148
13.48,-14.574081195958435
13.5,-14.577690647914242
13.52,-14.581127377971173
13.54,-14.584345822150684
13.56,-14.587389800120183
13.58,-14.590213721128421
13.6,-14.592906541290684
13.62,-14.59542281186975
13.64,-14.597761921296561
13.66,-14.5999683517391
13.68,-14.601996607458883
13.7,-14.603891325459603
13.72,-14.605652159680307
13.74,-14.60727878828411
13.76,-14.608770913767808
13.78,-14.610128263063151
13.8,-14.611350587629804
13.82,-14.612482969917842
13.84,-14.613525271689824
13.86,-14.614432018595837
13.88,-14.615248407139276
13.9,-14.615928959938765
13.92,-14.616564330455493
13.94,-14.617109078199302
13.96,-14.617563136531542
13.98,-14.617926449896922
14.0,-14.618244397735928
14.02,-14.618471531136157
14.04,-14.61860782229793
14.06,-14.61869868770681
14.08,-14.618744121801623
14.1,-14.618744121801623
14.12,-14.61865325453892
14.14,-14.61851696059657
14.16,-14.61838067499576
14.18,-14.618153550862967
14.2,-14.617881032483492
14.22,-14.617608547459604
14.24,-14.617245285973054
14.26,-14.616882083766518
14.28,-14.616518940829256
14.3,-14.616065095488727
14.32,-14.615611342718672
14.34,-14.615157682498117
14.36,-14.614658763125146
14.38,-14.614159955683776
14.4,-14.61361592973611
14.42,-14.613072036926862
14.44,-14.612528277219813
14.46,-14.611939354363969
14.48,-14.611350587629804
14.5,-14.610761976971284
14.52,-14.610173522342388
14.54,-14.609539976414698
14.56,-14.608951845700311
14.58,-14.608318648496779
14.6,-14.607685632029066
14.62,-14.60709799280546
14.64,-14.606465324737512
14.66,-14.60583283723722
14.68,-14.605200530247187
14.7,-14.604613549622352
14.72,-14.603981590597188
14.74,-14.603394932983509
14.76,-14.602763321709835
14.78,-14.602176986909207
14.8,-14.601590807466453
14.82,-14.601004783335668
14.84,-14.600418914470959
14.86,-14.599833200826442
14.88,-14.599247642356234
14.9,-14.59870726453428
14.92,-14.5981670188567
14.94,-14.597626905287424
14.96,-14.59708692379039
14.98,-14.596547074329546
15.0,-14.596052328283104
15.02,-14.595557693125677
15.04,-14.595063168829508
15.06,-14.59456875536684
15.08,-14.594074452709918
15.1,-14.593625182788571
15.12,-14.593176004398444
15.14,-14.592726917518696
15.16,-14.592322817551073
15.18,-14.591873904483633
15.2,-14.591469960913239
15.22,-14.59106609140212
15.24,-14.590707158442065
15.26,-14.590303428779256
15.28,-14.589944620104738
15.3,-14.589585869900871
15.32,-14.589227178156996
15.34,-14.588913370828188
15.36,-14.58859960824251
15.38,-14.588285890392822
15.4,-14.587972217271986
15.42,-14.587658588872864
15.44,-14.587389800120183
15.46,-14.587121044214534
15.48,-14.586852321151422
15.5,-14.586583630926354
15.52,-14.586359747486839
15.54,-14.58609111745318
15.56,-14.585867284166882
15.58,-14.58564347367334
15.6,-14.585419685969955
15.62,-14.585240672214413
15.64,-14.585061673041578
15.66,-14.584837944580437
15.68,-14.584658978213826
15.7,-14.584480026425595
15.72,-14.584345822150684
15.74,-14.584166895871421
15.76,-14.584032710726708
15.78,-14.583898533779715
15.8,-14.58376436502988
15.82,-14.583630204476645
15.84,-14.583496052119447
15.86,-14.583361907957721
15.88,-14.583272483069338
15.9,-14.583138352565493
15.92,-14.583048936781841
15.94,-14.582959524639794
15.96,-14.58287011613918
15.98,-14.582780711279838
16.0,-14.582691310061598
16.02,-14.582601912484296
16.04,-14.582557215060946
16.06,-14.582467822944738
16.08,-14.58242312825184
16.1,-14.582378434469051
16.12,-14.582289049633722
16.14,-14.582244358581137
16.16,-14.582199668438582
16.18,-14.58215497920603
16.2,-14.582110290883463
16.22,-14.582110290883463
16.24,-14.582065603470863
16.26,-14.582020916968204
16.28,-14.582020916968204
16.3,-14.581976231375469
16.32,-14.581931546692633
16.34,-14.581931546692633
16.36,-14.581931546692633
16.38,-14.581886862919681
16.4,-14.581886862919681
16.42,-14.581886862919681
16.44,-14.581886862919681
16.46,-14.581842180056588
16.48,-14.581842180056588
16.5,-14.581842180056588
16.52,-14.581842180056588
16.54,-14.581842180056588
16.56,-14.581842180056588
16.58,-14.581842180056588
16.6,-14.581842180056588
16.62,-14.581842180056588
16.64,-14.581842180056588
16.66,-14.581886862919681
16.68,-14.581886862919681
16.7,-14.581886862919681
16.72,-14.581886862919681
16.74,-14.581886862919681
16.76,-14.581931546692633
16.78,-14.581931546692633
16.8,-14.581931546692633
16.82,-14.581931546692633
16.84,-14.581976231375469
16.86,-14.581976231375469
16.88,-14.581976231375469
16.9,-14.582020916968204
16.92,-14.582020916968204
16.94,-14.582020916968204
16.96,-14.582065603470863
16.98,-14.582065603470863
17.0,-14.582065603470863
17.02,-14.582110290883463
17.04,-14.582110290883463
17.06,-14.582110290883463
17.08,-14.58215497920603
17.1,-14.58215497920603
17.12,-14.58215497920603
17.14,-14.582199668438582
17.16,-14.582199668438582
17.18,-14.582199668438582
17.2,-14.582244358581137
17.22,-14.582244358581137
17.24,-14.582244358581137
17.26,-14.582289049633722
17.28,-14.582289049633722
17.3,-14.582289049633722
17.32,-14.582333741596353
17.34,-14.582333741596353
17.36,-14.582333741596353
17.38,-14.582378434469051
17.4,-14.582378434469051
17.42,-14.582378434469051
17.44,-14.582378434469051
17.46,-14.58242312825184
17.48,-14.58242312825184
17.5,-14.58242312825184
17.52,-14.582467822944738
17.54,-14.582467822944738
17.56,-14.582467822944738
17.58,-14.582467822944738
17.6,-14.582512518547766
17.62,-14.582512518547766
17.64,-14.582512518547766
17.66,-14.582512518547766
17.68,-14.582557215060946
17.7,-14.582557215060946
17.72,-14.582557215060946
17.74,-14.582557215060946
17.76,-14.582557215060946
17.78,-14.582601912484296
17.8,-14.582601912484296
17.82,-14.582601912484296
17.84,-14.582601912484296
17.86,-14.582601912484296
17.88,-14.582601912484296
17.9,-14.582646610817841
17.92,-14.582646610817841
17.94,-14.582646610817841
17.96,-14.582646610817841
17.98,-14.582646610817841
18.0,-40.266526757498625
18.02,-40.28594697717384
18.04,-40.33905984869046
18.06,-40.420190817151685
18.08,-40.52351745408705
18.1,-40.64440706832456
18.12,-40.77879303346901
18.14,-40.92321384490487
18.16,-41.074511152540495
18.18,-41.2301608208008
18.2,-41.38809808333954
18.22,-41.54655359442552
18.24,-41.704325373276895
18.26,-41.859909977771586
18.28,-42.01262023812337
18.3,-42.16171799153794
18.32,-42.30655704150014
18.34,-42.446818765978534
18.36,-42.58223839878164
18.38,-42.71260193714137
18.4,-42.83774259366019
18.42,-42.957744960038696
18.44,-43.07250390363817
18.46,-43.18224238874227
18.48,-43.286895108644664
18.5,-43.38660903836223
18.52,-43.481621848221074
18.54,-43.57199120518197
18.56,-43.658033742699196
18.58,-43.73972557833853
18.6,-43.81729420836768
18.62,-43.89103008852129
18.64,-43.96098511836583
18.66,-44.02735892032714
18.68,-44.090339830355624
18.7,-44.15010540525765
18.72,-44.206822929837145
18.74,-44.260586936608846
18.76,-44.311550642619764
18.78,-44.35991771767752
18.8,-44.40576054773088
18.82,-44.44926301565601
18.84,-44.49048478142836
18.86,-44.52959204141834
18.88,-44.566686142503706
18.9,-44.60186220797214
18.92,-44.63526024915769
18.94,-44.66686142736867
18.96,-44.696893570181956
18.98,-44.72532903497538
19.0,-44.75233090006316
19.02,-44.77791287213756
19.04,-44.80217881427848
19.06,-44.82518135751277
19.08,-44.84701373779013
19.1,-44.86767709916092
19.12,-44.887300035013816
19.14,-44.90587778164996
19.16,-44.92348834329228
19.18,-44.94016445265858
19.2,-44.95597712672155
19.22,-44.97091392365806
19.24,-44.9850806104362
19.26,-44.998499924612574
19.28,-45.011154746236734
19.3,-45.02314252104109
19.32,-45.03448089873936
19.34,-45.04518645885033
19.36,-45.0553118147358
19.38,-45.06487060219988
19.4,-45.073839155315284
19.42,-45.082338839474424
19.44,-45.090343328536946
19.46,-45.09786238923601
19.48,-45.104905149560466
19.5,-45.111550602055146
19.52,-45.117770415186115
19.54,-45.123641143072724
19.56,-45.12909874683467
19.58,-45.13421821360611
19.6,-45.13896977779438
19.62,-45.143426567122866
19.64,-45.147558040718856
19.66,-45.15140182013057
19.68,-45.15496093632729
19.7,-45.15823818834478
19.72,-45.16130341825375
19.74,-45.16409134630414
19.76,-45.16663761409957
19.78,-45.16897734926364
19.8,-45.171111921880794
19.82,-45.1730093231797
19.84,-45.17473724909131
19.86,-45.176296539840074
19.88,-45.177687952718884
19.9,-45.178879095161264
19.92,-45.179936729703115
19.94,-45.18082826148144
19.96,-45.18162008370718
19.98,-45.18224650914114
20.0,-45.182740784905256
20.02,-45.18313603367661
20.04,-45.18339944803225
20.06,-45.1835640475541
20.08,-45.18359696427895
20.1,-45.1835640475541
20.12,-45.18346529102066
20.14,-45.18323482201098
20.16,-45.18293842837967
20.18,-45.18257605284088
20.2,-45.1821476253385
20.22,-45.181653063022154
20.24,-45.181092270218734
20.26,-45.18049815490414
20.28,-45.179837622758704
20.3,-45.17911054586061
20.32,-45.17834986901672
20.34,-45.177555518286965
20.36,-45.17672741641304
20.38,-45.17583231709452
20.4,-45.1749364389592
20.42,-45.17400655676209
20.44,-45.1730425798297
20.46,-45.17207770183479
20.48,-45.17107860302565
20.5,-45.170078537987365
20.52,-45.16904412131403
20.54,-45.168008670762404
20.56,-45.16693873297182
20.58,-45.16590117792377
20.6,-45.16482906540237
20.62,-45.16375584645566
20.64,-45.16268151986922
20.66,-45.16160608442737
20.68,-45.16056319777541
20.7,-45.15948557571685
20.72,-45.15840684118628
20.74,-45.15736075508972
20.76,-45.1563136227076
20.78,-45.15526544292781
20.8,-45.15421621463709
20.82,-45.153199833048575
20.84,-45.1521824674493
20.86,-45.15116411682728
20.88,-45.15017877395498
20.9,-45.14919250877117
20.92,-45.14823937671768
20.94,-45.14728538318314
20.96,-45.14636464419297
20.98,-45.14544310264669
21.0,-45.14452075780175
21.02,-45.14363181396131
21.04,-45.14277635652718
21.06,-45.141920208551646
21.08,-45.141097656284735
21.1,-45.14027446654606
21.12,-45.13945063881149
21.14,-45.13869490247849
21.16,-45.13790424038444
21.18,-45.13718181859135
21.2,-45.13642447022769
21.22,-45.13573550473318
21.24,-45.13504609417903
21.26,-45.134356238260416
21.28,-45.13370046234106
21.3,-45.13307882968676
21.32,-45.132456835582644
21.34,-45.13186906461899
21.36,-45.13128097086455
21.38,-45.1307271758244
21.4,-45.130173094528764
21.42,-45.12965338319656
21.44,-45.12913342000556
21.46,-45.12864789368058
21.48,-45.12816214774075
21.5,-45.12771090120255
21.52,-45.1272594651275
21.54,-45.12680783943128
21.56,-45.12642554644239
21.58,-45.12600834457784
21.6,-45.12562576742661
21.62,-45.12524305429259
21.64,-45.12489501521697
21.66,-45.12458168389393
21.68,-45.12423343110521
21.7,-45.12391990737783
21.72,-45.123641143072724
21.74,-45.12332744708806
21.76,-45.123083398247175
21.78,-45.12280441768728
21.8,-45.12256025053349
21.82,-45.122316028146244
21.84,-45.1221066507001
21.86,-45.1218972326562
21.88,-45.12168777400624
21.9,-45.12147827474186
21.92,-45.12130366099063
21.94,-45.12112901902433
21.96,-45.12095434883813
21.98,-45.12081459236761
22.0,-45.12067481783079
22.02,-45.1205350252252
22.04,-45.120395214548374
22.06,-45.120290344680015
22.08,-45.12015050237257
22.1,-45.120045608778405
22.12,-45.11997567406573
22.14,-45.11987076352108
22.16,-45.11980081750711
22.18,-45.11969589000908
22.2,-45.119625932691896
22.22,-45.11955597085288
22.24,-45.11952098823758
22.26,-45.11945101961524
22.28,-45.11941603360811
22.3,-45.11934605820175
22.32,-45.11931106880244
22.34,-45.119276078272314
22.36,-45.11924108661135
22.38,-45.11920609381951
22.4,-45.11920609381951
22.42,-45.11917109989674
22.44,-45.11917109989674
22.46,-45.119136104843015
22.48,-45.119136104843015
22.5,-45.119136104843015
22.52,-45.119136104843015
22.54,-45.119136104843015
22.56,-45.119136104843015
22.58,-45.119136104843015
22.6,-45.119136104843015
22.62,-45.119136104843015
22.64,-45.119136104843015
22.66,-45.11917109989674
22.68,-45.11917109989674
22.7,-45.11920609381951
22.72,-45.11920609381951
22.74,-45.11924108661135
22.76,-45.11924108661135
22.78,-45.119276078272314
22.8,-45.119276078272314
22.82,-45.11931106880244
22.84,-45.11934605820175
22.86,-45.11934605820175
22.88,-45.119381046470295
22.9,-45.11941603360811
22.92,-45.11941603360811
22.94,-45.11945101961524
22.96,-45.11948600449172
22.98,-45.11952098823758
23.0,-45.11955597085288
23.02,-45.11955597085288
23.04,-45.11959095233764
23.06,-45.119625932691896
23.08,-45.1196609119157
23.1,-45.11969589000908
23.12,-45.11969589000908
23.14,-45.11973086697209
23.16,-45.11976584280475
23.18,-45.11980081750711
23.2,-45.11983579107921
23.22,-45.11983579107921
23.24,-45.11987076352108
23.26,-45.11990573483276
23.28,-45.1199407050143
23.3,-45.1199407050143
23.32,-45.11997567406573
23.34,-45.12001064198708
23.36,-45.120045608778405
23.38,-45.120045608778405
23.4,-45.12008057443974
23.42,-45.12011553897111
23.44,-45.12011553897111
23.46,-45.12015050237257
23.48,-45.12018546464415
23.5,-45.12018546464415
23.52,-45.120220425785895
23.54,-45.12025538579783
23.56,-45.12025538579783
23.58,-45.120290344680015
23.6,-45.120290344680015
23.62,-45.12032530243248
23.64,-45.12032530243248
23.66,-45.120360259055246
23.68,-45.120360259055246
23.7,-45.120395214548374
23.72,-45.120395214548374
23.74,-45.120430168911895
23.76,-45.120430168911895
23.78,-45.12046512214585
23.8,-45.12046512214585
23.82,-45.12050007425027
23.84,-45.12050007425027
23.86,-45.12050007425027
23.88,-45.1205350252252
23.9,-45.1205350252252
23.92,-45.12056997507068
23.94,-45.12056997507068
23.96,-45.12056997507068
23.98,-45.12060492378674
24.0,-14.673211596027974
24.02,-14.665860671517475
24.04,-14.645571011057772
24.06,-14.614697983438203
24.08,-14.575348455464978
24.1,-14.529279376078742
24.12,-14.478063437179925
24.14,-14.423069229864163
24.16,-14.365318979038967
24.18,-14.305769552852183
24.2,-14.245134122601605
24.22,-14.183983487552764
24.24,-14.122878728610232
24.26,-14.0621274879393
24.28,-14.002083742168455
24.3,-13.942873262655796
24.32,-13.884754890513847
24.34,-13.82777635364341
24.36,-13.77208391013724
24.38,-13.717666383783998
24.4,-13.664578682290609
24.42,-13.61283457013105
24.44,-13.562377478070136
24.46,-13.513252316525183
24.48,-13.465403019683366
24.5,-13.418809320822549
24.52,-13.373389205107278
24.54,-13.329161244512107
24.56,-13.286051580082221
24.58,-13.244023236628951
24.6,-13.203075079682199
24.62,-13.163086036473707
24.64,-13.124096054774133
24.66,-13.086056476889448
24.68,-13.048892875506885
24.7,-13.01262842985434
24.72,-12.977198216876776
24.74,-12.942572642592665
24.76,-12.908757414735886
24.78,-12.87573141786719
24.8,-12.843446023733655
24.82,-12.811918709926696
24.84,-12.781107543751022
24.86,-12.751004964440206
24.88,-12.72163847871178
24.9,-12.692942172463846
24.92,-12.664916060157685
24.94,-12.637595315644855
24.96,-12.610952090821991
24.98,-12.584959504191072
25.0,-12.559658694241671
25.02,-12.534991758325512
25.04,-12.51100266848323
25.06,-12.487668850069406
25.08,-12.464967747727698
25.1,-12.442946871452058
25.12,-12.421549629922147
25.14,-12.400824938331112
25.16,-12.380715590906547
25.18,-12.361235160499755
25.2,-12.34243427865249
25.22,-12.324217623953038
25.24,-12.306635340127356
25.26,-12.28970149961383
25.28,-12.27339259148531
25.3,-12.257646084480283
25.32,-12.242550348681975
25.34,-12.22804178946017
25.36,-12.214132196996955
25.38,-12.200794244514318
25.4,-12.188038738491436
25.42,-12.175836839159079
25.44,-12.164198300066186
25.46,-12.153132661565156
25.48,-12.14256897708628
25.5,-12.132555376039065
25.52,-12.123059515036886
25.54,-12.114048028195755
25.56,-12.10552743914172
25.58,-12.097504020678151
25.6,-12.089983772712198
25.62,-12.082889768055669
25.64,-12.076226580558568
25.66,-12.069998560874906
25.68,-12.064209823414368
25.7,-12.058780594785986
25.72,-12.053797702113371
25.74,-12.049180488831665
25.76,-12.044889417402809
25.78,-12.041011024203106
25.8,-12.037420934368724
25.82,-12.034205421708942
25.84,-12.03123910961246
25.86,-12.028650526058723
25.88,-12.02627111460323
25.9,-12.024229321015914
25.92,-12.022441006746016
25.94,-12.020864234534757
25.96,-12.019584838633934
25.98,-12.018475352594837
26.0,-12.017621473880583
26.02,-12.0169808203751
26.04,-12.016510874511775
26.06,-12.016211759293657
26.08,-12.016126289405388
26.1,-12.016169024816113
26.12,-12.016382687873064
26.14,-12.016767222606028
26.16,-12.01723710693642
26.18,-12.01787767659464
26.2,-12.018603402294527
26.22,-12.019456853081813
26.24,-12.02043786204708
26.26,-12.02146100022084
26.28,-12.022611392668445
26.3,-12.023846248059494
26.32,-12.025122867133563
26.34,-12.026483679326574
26.36,-12.027886029603993
26.38,-12.02937227739686
26.4,-12.030899817431921
26.42,-12.032468553173844
26.44,-12.03412073197991
26.46,-12.035729213969987
26.48,-12.037420934368724
26.5,-12.039111203073496
26.52,-12.040842225326095
26.54,-12.042613893418173
26.56,-12.044341845774609
26.58,-12.046110376434992
26.6,-12.047877325058833
26.62,-12.049642695384641
26.64,-12.051448467119306
26.66,-12.053210654676091
26.68,-12.05497127518971
26.7,-12.056730332365907
26.72,-12.058487829902361
26.74,-12.060243771488715
26.76,-12.061956407643622
26.78,-12.063667567985195
26.8,-12.065377255923744
26.82,-12.067043828436901
26.84,-12.068709005888381
26.86,-12.07033121372559
26.88,-12.071910556534263
26.9,-12.073530160463628
26.92,-12.075065492578517
26.94,-12.07659964398545
26.96,-12.078132617150915
26.98,-12.079581644697404
27.0,-12.081070977598266
27.02,-12.082476551795558
27.04,-12.083881139028588
27.06,-12.085243472819863
27.08,-12.086563639185705
27.1,-12.087882936169688
27.12,-12.089160177553692
27.14,-12.090395443513746
27.16,-12.091588811418317
27.18,-12.092781470224713
27.2,-12.093932331114939
27.22,-12.095041465790432
27.24,-12.09614998872039
27.26,-12.097216877939568
27.28,-12.098242199590134
27.3,-12.099226017118133
27.32,-12.100209354078865
27.34,-12.101151268322212
27.36,-12.102051817876692
27.38,-12.10295196519875
27.4,-12.103810821971498
27.42,-12.104628440892673
27.44,-12.10544572857686
27.46,-12.106221845410948
27.48,-12.106956838840533
27.5,-12.107691564835108
27.52,-12.108385227403673
27.54,-12.109037868810372
27.56,-12.109690299521647
27.58,-12.110301762129476
27.6,-12.11087229377943
27.62,-12.11148339914181
27.64,-12.112012874502115
27.66,-12.11254221134634
27.68,-12.113030707117009
27.7,-12.11351908502976
27.72,-12.114007345164982
27.74,-12.114414138700013
27.76,-12.114861517241046
27.78,-12.11526813928556
27.8,-12.115634029364685
27.82,-12.115999853389578
27.84,-12.116365611394048
27.86,-12.116690674223012
27.88,-12.117015684938114
27.9,-12.11730002658282
27.92,-12.11758432836189
27.94,-12.117868590291199
27.96,-12.118112211668338
27.98,-12.11835580378975
28.0,-12.118558774883347
28.02,-12.118761725673181
28.04,-12.11896465616503
28.06,-12.119167566364673
28.08,-12.119329879917878
28.1,-12.11949218049072
28.12,-12.119654468086157
28.14,-12.119776175268088
28.16,-12.119938440160173
28.18,-12.120060130317983
28.2,-12.12014125303757
28.22,-12.120262931039445
28.24,-12.12034404565623
28.26,-12.120425157032539
28.28,-12.120506265168743
28.3,-12.120587370065207
28.32,-12.120627921298654
28.34,-12.120709021336205
28.36,-12.120749570140402
28.38,-12.120790118134941
28.4,-12.120830665319868
28.42,-12.12087121169523
28.44,-12.12087121169523
28.46,-12.120911757261073
28.48,-12.120911757261073
28.5,-12.120911757261073
28.52,-12.120952302017441
28.54,-12.120952302017441
28.56,-12.120952302017441
28.58,-12.120911757261073
28.6,-12.120911757261073
28.62,-12.120911757261073
28.64,-12.120911757261073
28.66,-12.12087121169523
28.68,-12.12087121169523
28.7,-12.120830665319868
28.72,-12.120790118134941
28.74,-12.120790118134941
28.76,-12.120749570140402
28.78,-12.120709021336205
28.8,-12.120668471722304
28.82,-12.120668471722304
28.84,-12.120627921298654
28.86,-12.120587370065207
28.88,-12.12054681802192
28.9,-12.120506265168743
28.92,-12.12046571150563
28.94,-12.120425157032539
28.96,-12.120384601749421
28.98,-12.12034404565623
29.0,-12.12030348875292
29.02,-12.120262931039445
29.04,-12.120222372515759
29.06,-12.120181813181816
29.08,-12.12014125303757
29.1,-12.120100692082973
29.12,-12.120060130317983
29.14,-12.120019567742549
29.16,-12.119938440160173
29.18,-12.119897875153137
29.2,-12.119857309335476
29.22,-12.119816742707142
29.24,-12.119776175268088
29.26,-12.11973560701827
29.28,-12.119695037957642
29.3,-12.119654468086157
29.32,-12.119613897403768
29.34,-12.11957332591043
29.36,-12.119532753606096
29.38,-12.11949218049072
29.4,-12.119451606564258
29.42,-12.119451606564258
29.44,-12.11941103182666
29.46,-12.119370456277883
29.48,-12.119329879917878
29.5,-12.119289302746601
29.52,-12.119248724764006
29.54,-12.119208145970045
29.56,-12.119208145970045
29.58,-12.119167566364673
29.6,-12.119126985947844
29.62,-12.119086404719512
29.64,-12.119086404719512
29.66,-12.11904582267963
29.68,-12.119005239828152
29.7,-12.119005239828152
29.72,-12.11896465616503
29.74,-12.118924071690222
29.76,-12.118924071690222
29.78,-12.118883486403679
29.8,-12.118883486403679
29.82,-12.118842900305355
29.84,-12.118802313395204
29.86,-12.118802313395204
29.88,-12.118761725673181
29.9,-12.118761725673181
29.92,-12.118721137139238
29.94,-12.118721137139238
29.96,-12.118721137139238
29.98,-12.118680547793328
30.0,15.677385637732339
30.02,15.697511408065225
30.04,15.752326018305936
30.06,15.834836511400805
30.08,15.938816967413933
30.1,16.057939712207048
30.12,16.187225367114916
30.14,16.32203254943568
30.16,16.458484630297598
30.18,16.59355183127946
30.2,16.72486028103023
30.22,16.85069187470168
30.24,16.969903227707217
30.26,17.08184954590624
30.28,17.186289088252323
30.3,17.283281656559065
30.32,17.37312822210992
30.34,17.456291788511198
30.36,17.5333326728766
30.38,17.604882497471348
30.4,17.671582223062856
30.42,17.73407912528698
30.44,17.79299851258162
30.46,17.84892421960836
30.48,17.90241612027456
30.5,17.953944051780656
30.52,18.00397752202025
30.54,18.05292326492028
30.56,18.101136918414355
30.58,18.14896968020778
30.6,18.19668455750847
30.62,18.24450146422662
30.64,18.29269420901157
30.66,18.34131148652495
30.68,18.390606652611805
30.7,18.44065873646418
30.72,18.491567416840173
30.74,18.54340717825466
30.76,18.59616798653847
30.78,18.649933932741927
30.8,18.70471240798709
30.82,18.7604909529052
30.84,18.81716498264699
30.86,18.87482810258732
30.88,18.933343718910375
30.9,18.992628740054176
30.92,19.052671828512427
30.94,19.113279577573504
30.96,19.174514664700737
30.98,19.23616112381544
31.0,19.298181267226642
31.02,19.360435445644686
31.04,19.422774039769585
31.06,19.48503834984926
31.08,19.547299198275415
31.1,19.609283796183984
31.12,19.67095071813808
31.14,19.732138285223503
31.16,19.792680272852106
31.18,19.85254546422392
31.2,19.911715300039297
31.22,19.969891714765836
31.24,20.0270600659025
31.26,20.083219839289654
31.28,20.13807035366547
31.3,20.191779147481707
31.32,20.244214195535008
31.34,20.295077129605932
31.36,20.344740484541386
31.38,20.392748590193115
31.4,20.43915313956402
31.42,20.484020546156202
31.44,20.527249058349827
31.46,20.56892460973576
31.48,20.608771507779586
31.5,20.647076842204207
31.52,20.683573340350158
31.54,20.718376467586996
31.56,20.75161368865544
31.58,20.783225013104925
31.6,20.812952628223904
31.62,20.841141128363283
31.64,20.86774426222314
31.66,20.892718212244617
31.68,20.916021701933584
31.7,20.937824420614202
31.72,20.95809424747779
31.74,20.977012029294244
31.76,20.99434144786829
31.78,21.010482558614214
31.8,21.02520364699001
31.82,21.038485593231023
31.84,21.050526507539743
31.86,21.0613129688436
31.88,21.07104960751668
31.9,21.079727372662795
31.92,21.08712050811196
31.94,21.093656884932262
31.96,21.09911320491856
31.98,21.10348438142749
32.0,21.10720416336737
32.02,21.109832262698674
32.04,21.111804625642357
32.06,21.11290086023779
32.08,21.113339449581787
32.1,21.11312014808728
32.12,21.112243078552794
32.14,21.110708732072396
32.16,21.108517967675
32.18,21.1061097011928
32.2,21.102828357883073
32.22,21.099331634478
32.24,21.09540198300996
32.26,21.09104086797538
32.28,21.086249914050086
32.3,21.081248208131786
32.32,21.07581969944848
32.34,21.070183021112904
32.36,21.06433921604163
32.38,21.058073494243672
32.4,21.051819105543984
32.42,21.04536095689126
32.44,21.03870024030321
32.46,21.031838184351386
32.48,21.024989843732186
32.5,21.017941834112566
32.52,21.01090836287415
32.54,21.003676936514587
32.56,20.99646089092806
32.58,20.98926019967533
32.6,20.982074836308016
32.62,20.974694121562603
32.64,20.967539783449382
32.66,20.960400693046992
32.68,20.953067528464512
32.7,20.945959300536927
32.72,20.938866240077164
32.74,20.931788320584182
32.76,20.92472551555114
32.78,20.917884869155362
32.8,20.911058411987266
32.82,20.904246119797204
32.84,20.89765376539475
32.86,20.89107468557064
32.88,20.884508858204402
32.9,20.878160829786257
32.92,20.872029379560026
32.94,20.86590952048778
32.96,20.85980123433631
32.98,20.853907541287274
33.0,20.84802462897917
33.02,20.842354789791667
33.04,20.836896934517068
33.06,20.83144838290098
33.08,20.826210410252756
33.1,20.820981040666204
33.12,20.815960902722026
33.14,20.810948697263242
33.16,20.806144433109242
33.18,20.80154718887635
33.2,20.796956632975782
33.22,20.79257191734361
33.24,20.788193306385054
33.26,20.7840194113441
33.28,20.780049432712335
33.3,20.77608448225016
33.32,20.77212455455656
33.34,20.768564909635824
33.36,20.76500932484631
33.38,20.761457796251477
33.4,20.75810729569142
33.42,20.754957182270264
33.44,20.751810264932214
33.46,20.748666540913316
33.48,20.745722197370252
33.5,20.742976671398637
33.52,20.740233584361135
33.54,20.737688614335518
33.56,20.7351457441903
33.58,20.732800341958495
33.6,20.730456726545764
33.62,20.728114896786725
33.64,20.72596978715952
33.66,20.724020987932654
33.68,20.722073426517806
33.7,20.720127102240752
33.72,20.718376467586996
33.74,20.716626833977305
33.76,20.715072444087415
33.78,20.71351884441251
33.8,20.71196603460748
33.82,20.710607973696927
33.84,20.709250517035112
33.86,20.707893664390884
33.88,20.70673112841217
33.9,20.70556903588609
33.92,20.704407386667107
33.94,20.703439684183646
33.96,20.70247228936704
33.98,20.70150520213307
34.0,20.70053842239751
34.02,20.69976521995133
34.04,20.698992214207127
34.06,20.698219405121772
34.08,20.697639927339203
34.1,20.6970605601348
34.12,20.69648130349038
34.14,20.69590215738775
34.16,20.695323121808723
34.18,20.6949371594824
34.2,20.694358308068978
34.22,20.693972468502874
34.24,20.693586678031433
34.26,20.693393801204532
34.28,20.69300808436498
34.3,20.69281524435099
34.32,20.692622416606625
34.34,20.692236797924064
34.36,20.692044006984528
34.38,20.692044006984528
34.4,20.691851228311922
34.42,20.691658461905575
34.44,20.691658461905575
34.46,20.69146570776481
34.48,20.69146570776481
34.5,20.69146570776481
34.52,20.69146570776481
34.54,20.69146570776481
34.56,20.69146570776481
34.58,20.69146570776481
34.6,20.69146570776481
34.62,20.69146570776481
34.64,20.691658461905575
34.66,20.691658461905575
34.68,20.691658461905575
34.7,20.691851228311922
34.72,20.691851228311922
34.74,20.692044006984528
34.76,20.692044006984528
34.78,20.692236797924064
34.8,20.692429601131206
34.82,20.692429601131206
34.84,20.692622416606625
34.86,20.69281524435099
34.88,20.69300808436498
34.9,20.69300808436498
34.92,20.693200936649273
34.94,20.693393801204532
34.96,20.693586678031433
34.98,20.693779567130658
35.0,20.693779567130658
35.02,20.693972468502874
35.04,20.694165382148757
35.06,20.694358308068978
35.08,20.694551246264208
35.1,20.694744196735122
35.12,20.6949371594824
35.14,20.695130134506712
35.16,20.695130134506712
35.18,20.695323121808723
35.2,20.69551612138912
35.22,20.69570913324857
35.24,20.69590215738775
35.26,20.696095193807327
35.28,20.696095193807327
35.3,20.69628824250798
35.32,20.69648130349038
35.34,20.696674376755197
35.36,20.696867462303114
35.38,20.696867462303114
35.4,20.6970605601348
35.42,20.697253670250927
35.44,20.69744679265217
35.46,20.69744679265217
35.48,20.697639927339203
35.5,20.6978330743127
35.52,20.6978330743127
35.54,20.698026233573334
35.56,20.698219405121772
35.58,20.698219405121772
35.6,20.6984125889587
35.62,20.698605785084787
35.64,20.698605785084787
35.66,20.698798993500702
35.68,20.698798993500702
35.7,20.698992214207127
35.72,20.698992214207127
35.74,20.699185447204723
35.76,20.699185447204723
35.78,20.699378692494175
35.8,20.699378692494175
35.82,20.69957195007615
35.84,20.69957195007615
35.86,20.69976521995133
35.88,20.69976521995133
35.9,20.69976521995133
35.92,20.699958502120385
35.94,20.699958502120385
35.96,20.700151796583977
35.98,20.700151796583977
36.0,-20.591347749845806
36.02,-20.631967548659517
36.04,-20.745349398887754
36.06,-20.92220335053418
36.08,-21.155239890682108
36.1,-21.438899346749007
36.12,-21.76876892993338
36.14,-22.141451868283063
36.16,-22.55341303342059
36.18,-23.002404428100615
36.2,-23.485425191620866
36.22,-24.000245044283563
36.24,-24.544057831464592
36.26,-25.114531617864532
36.28,-25.708803364562026
36.3,-26.32439398327994
36.32,-26.958371603817394
36.34,-27.607334789933155
36.36,-28.268553144889584
36.38,-28.938660554696252
36.4,-29.614407329599494
36.42,-30.292425309336846
36.44,-30.96939144721014
36.46,-31.642017046754415
36.48,-32.30711407495294
36.5,-32.96155692030985
36.52,-33.60278799650353
36.54,-34.227630672611006
36.56,-34.83423130697242
36.58,-35.420468051741
36.6,-35.98475217837404
36.62,-36.5255515881011
36.64,-37.0418936099088
36.66,-37.533560637094794
36.68,-37.99970256942685
36.7,-38.44064199901314
36.72,-38.856486758288696
36.74,-39.247760764726074
36.76,-39.61514747224103
36.78,-39.959458461542155
36.8,-40.2816034694154
36.82,-40.582562700782546
36.84,-40.86336198148882
36.86,-41.12520585762391
36.88,-41.36913093599424
36.9,-41.596165592712254
36.92,-41.80745474956407
36.94,-42.003960119380366
36.96,-42.18673431433539
36.98,-42.35664805800013
37.0,-42.514763574336904
37.02,-42.661725132636604
37.04,-42.7984765511359
37.06,-42.92557134470955
37.08,-43.0439413743373
37.1,-43.15414184064999
37.12,-43.256690812753654
37.14,-43.352162433511566
37.16,-43.4411745284492
37.18,-43.52403268224982
37.2,-43.601360599542836
37.22,-43.673399540648134
37.24,-43.740535271804575
37.26,-43.80320028308817
37.28,-43.86171536226117
37.3,-43.9162278785067
37.32,-43.96709270924775
37.34,-44.014636359792895
37.36,-44.058951391430725
37.38,-44.10032825355151
37.4,-44.13890169477988
37.42,-44.1749278450886
37.44,-44.20845052226571
37.46,-44.23976410253922
37.48,-44.26895533656855
37.5,-44.29616631170606
37.52,-44.321468658692964
37.54,-44.344988746409
37.56,-44.3668448683382
37.58,-44.38720687679732
37.6,-44.406060826381996
37.62,-44.42350699845908
37.64,-44.43969719083577
37.66,-44.454606197644324
37.68,-44.46837671534178
37.7,-44.4810896778574
37.72,-44.49271152823827
37.74,-44.503373440194146
37.76,-44.51314730023003
37.78,-44.52199334403662
37.8,-44.53003409070153
37.82,-44.53728076184026
37.84,-44.543797190959616
37.86,-44.54964534310401
37.88,-44.554778784280586
37.9,-44.559310594859326
37.92,-44.56324569784203
37.94,-44.5666413635655
37.96,-44.56950093675908
37.98,-44.571827230598046
38.0,-44.573728075062945
38.02,-44.5751522413055
38.04,-44.576153679210016
38.06,-44.576733174852286
38.08,-44.576943848887126
38.1,-44.57683851531277
38.12,-44.57636442900583
38.14,-44.57557397517447
38.16,-44.57451943369495
38.18,-44.57314749876016
38.2,-44.5715630474809
38.22,-44.56971255628921
38.24,-44.56764808523183
38.26,-44.5653688212207
38.28,-44.56287386579582
38.3,-44.560215447237674
38.32,-44.55733947157644
38.34,-44.554351612388054
38.36,-44.551251273878776
38.38,-44.54798422641905
38.4,-44.544549496242105
38.42,-44.54105373786936
38.44,-44.53749659303813
38.46,-44.53376954813972
38.48,-44.53003409070153
38.5,-44.52618155759503
38.52,-44.52232007700243
38.54,-44.51834047170152
38.56,-44.5144060734825
38.58,-44.5103527312359
38.6,-44.506289578488854
38.62,-44.50221659194165
38.64,-44.498133748253586
38.66,-44.494041024043064
38.68,-44.4899383958876
38.7,-44.485881481673395
38.72,-44.48175910982598
38.74,-44.47768267293937
38.76,-44.473652547724
38.78,-44.46961293644145
38.8,-44.46562012026976
38.82,-44.461674469368454
38.84,-44.45771979103589
38.86,-44.45381275359547
38.88,-44.44995372036562
38.9,-44.446143050739884
38.92,-44.44243815986614
38.94,-44.43872540082681
38.96,-44.43506205784805
38.98,-44.431448474061
39.0,-44.42794252119524
39.02,-44.42448722851028
39.04,-44.42102516477021
39.06,-44.4177299208122
39.08,-44.41442854332628
39.1,-44.41117910097635
39.12,-44.40804008338236
39.14,-44.40495381458129
39.16,-44.40197896746541
39.18,-44.39899916794748
39.2,-44.39613155101444
39.22,-44.39331801033446
39.24,-44.390617564836724
39.26,-44.387913065703636
39.28,-44.38532235497703
39.3,-44.38284593432839
39.32,-44.38036612031772
39.34,-44.378001233762646
39.36,-44.37569249833901
39.38,-44.37344013623826
39.4,-44.37124436439513
39.42,-44.36916484418275
39.44,-44.36714246596668
39.46,-44.36511784541181
39.48,-44.363210269678135
39.5,-44.36142010977371
39.52,-44.359628198845805
39.54,-44.35789435229048
39.56,-44.35621873811952
39.58,-44.35466144118135
39.6,-44.35310282437098
39.62,-44.35166292874878
39.64,-44.35022190674218
39.66,-44.3488398695739
39.68,-44.34757710478737
39.7,-44.346313475778345
39.72,-44.3451092155883
39.74,-44.343964441420546
39.76,-44.34287926473155
39.78,-44.34179345155526
39.8,-44.34082774966331
39.82,-44.33986154433394
39.84,-44.33895526939068
39.86,-44.33810901318472
39.88,-44.337262370993045
39.9,-44.33647585748154
39.92,-44.33574954936641
39.94,-44.33508351750868
39.96,-44.33441724699208
39.98,-44.333750737734775
40.0,-44.33320523434587
40.02,-44.33265957103916
40.04,-44.332113747769796
40.06,-44.331628437204465
40.08,-44.331143000181925
40.1,-44.33071813902801
40.12,-44.33035389522957
40.14,-44.329989580252416
40.16,-44.329625194083235
40.18,-44.32932148454986
40.2,-44.32901772556064
40.22,-44.328774682755885
40.24,-44.32853160829051
40.26,-44.32828850216059
40.28,-44.32810615178091
40.3,-44.32792378358604
40.32,-44.3277413975743
40.34,-44.32755899374405
40.36,-44.327437381290544
40.38,-44.32731576091646
40.4,-44.32725494775905
40.42,-44.327194132621315
40.44,-44.327072496404604
40.46,-44.327072496404604
40.48,-44.32701167532551
40.5,-44.32701167532551
40.52,-44.32695085226583
40.54,-44.32695085226583
40.56,-44.32695085226583
40.58,-44.32695085226583
40.6,-44.32701167532551
40.62,-44.32701167532551
40.64,-44.327072496404604
40.66,-44.32713331550318
40.68,-44.327194132621315
40.7,-44.32725494775905
40.72,-44.32731576091646
40.74,-44.327376572093605
40.76,-44.327437381290544
40.78,-44.32755899374405
40.8,-44.327619797000736
40.82,-44.32768059827747
40.84,-44.3278021948913
40.86,-44.32792378358604
40.88,-44.32798457496389
40.9,-44.32810615178091
40.92,-44.32822772068006
40.94,-44.32828850216059
40.96,-44.32841005918387
40.98,-44.32853160829051
41.0,-44.32865314948102
41.02,-44.328774682755885
41.04,-44.3288354464251
41.06,-44.328956967827416
41.08,-44.32907848131532
41.1,-44.32919998688931
41.12,-44.32932148454986
41.14,-44.32944297429748
41.16,-44.32956445613266
41.18,-44.329625194083235
41.2,-44.329746664050674
41.22,-44.3298681261069
41.24,-44.329989580252416
41.26,-44.3301110264877
41.28,-44.33017174663917
41.3,-44.330293181010035
41.32,-44.330414607471916
41.34,-44.33053602602529
41.36,-44.33059673233645
41.38,-44.33071813902801
41.4,-44.33083953781229
41.42,-44.33090023423936
41.44,-44.331021621163664
41.46,-44.33108231166102
41.48,-44.33120368672645
41.5,-44.331264371294644
41.52,-44.33138573450231
41.54,-44.33144641314191
41.56,-44.33150708980543
41.58,-44.331628437204465
41.6,-44.331689107940115
41.62,-44.33174977669993
41.64,-44.33187110829231
41.66,-44.331931771125
41.68,-44.3319924319821
41.7,-44.33205309086368
41.72,-44.332113747769796
41.74,-44.332235055655886
41.76,-44.33229570663598
41.78,-44.33235635564086
41.8,-44.33241700267059
41.82,-44.33247764772521
41.84,-44.33253829080481
41.86,-44.332598931909445
41.88,-44.332598931909445
41.9,-44.33265957103916
41.92,-44.33272020819403
41.94,-44.33278084337412
41.96,-44.332841476579475
41.98,-44.332841476579475
42.0,-45.30458419978285
42.02,-45.30507770623353
42.04,-45.306411735430096
42.06,-45.30843802763732
42.08,-45.311065453387044
42.1,-45.314145107320286
42.12,-45.3176436955747
42.14,-45.321442264914594
42.16,-45.32550852535897
42.18,-45.329753980652136
42.2,-45.33414780187612
42.22,-45.33868758918809
42.24,-45.343287462652675
42.26,-45.34794624286144
42.28,-45.352635233470664
42.3,-45.357353688779355
42.32,-45.36204644586769
42.34,-45.366713656392065
42.36,-45.37135547110841
42.38,-45.37594527203657
42.4,-45.38048364206623
42.42,-45.38494467283234
42.44,-45.389355693228154
42.46,-45.39369105019248
42.48,-45.39792562327566
42.5,-45.40211262059469
42.52,-45.40620093711983
42.54,-45.41019184652283
42.56,-45.414112148969046
42.58,-45.41791180604521
42.6,-45.42164299681567
42.62,-45.42528130662403
42.64,-45.42882784981716
42.66,-45.432258720449035
42.68,-45.435625052710044
42.7,-45.438877989882315
42.72,-45.44204350255338
42.74,-45.44512254344045
42.76,-45.44811603636501
42.78,-45.45102487675797
42.8,-45.453825622201045
42.82,-45.45654359427154
42.84,-45.45917959827852
42.86,-45.461734413103706
42.88,-45.46420879162146
42.9,-45.466603461103745
42.92,-45.46889528672549
42.94,-45.47110892217224
42.96,-45.47326871333948
42.98,-45.47532781603565
43.0,-45.47733416844739
43.02,-45.47924113886912
43.04,-45.48109636889818
43.06,-45.48287682083747
43.08,-45.48458300749756
43.1,-45.48623871363948
43.12,-45.48782101512403
43.14,-45.48933036543687
43.16,-45.4907903482908
43.18,-45.49217813616789
43.2,-45.49351719164811
43.22,-45.49478474453527
43.24,-45.49600414445123
43.26,-45.49717562376503
43.28,-45.49829940541769
43.3,-45.49935281950276
43.32,-45.50035901740963
43.34,-45.50134101193155
43.36,-45.50225331193951
43.38,-45.5031189420183
43.4,-45.50396080599343
43.42,-45.504733553746306
43.44,-45.50548278964064
43.46,-45.50618591459269
43.48,-45.506865710628496
43.5,-45.50747698309912
43.52,-45.50808774073171
43.54,-45.50863020458015
43.56,-45.50917226235295
43.58,-45.50966879220347
43.6,-45.510119887339215
43.62,-45.510548167105256
43.64,-45.51095367174825
43.66,-45.51133643935643
43.68,-45.51167400697318
43.7,-45.512011416698314
43.72,-45.512303710805995
43.74,-45.512595886433175
43.76,-45.51284301946196
43.78,-45.51306761229926
43.8,-45.51329213511132
43.82,-45.513471702958924
43.84,-45.513651226017984
43.86,-45.51380827196371
43.88,-45.51394285549503
43.9,-45.51405498920633
43.92,-45.51416710543768
43.94,-45.51425678583921
43.96,-45.51432403880095
43.98,-45.51439128547249
44.0,-45.51443611309262
44.02,-45.51448093791758
44.04,-45.51450334928193
44.06,-45.51452575994757
44.08,-45.51452575994757
44.1,-45.51452575994757
44.12,-45.51450334928193
44.14,-45.51448093791758
44.16,-45.51445852585449
44.18,-45.51441369963196
44.2,-45.514368870614184
44.22,-45.51432403880095
44.24,-45.51427920419207
44.26,-45.51421194703651
44.28,-45.51414468358966
44.3,-45.514077413850906
44.32,-45.513987711077334
44.34,-45.51392042665491
44.36,-45.51383070430078
44.38,-45.51374097075565
44.4,-45.513651226017984
44.42,-45.51356147008625
44.44,-45.513449259427595
44.46,-45.513359478303606
44.48,-45.51324723614978
44.5,-45.51315742982577
44.52,-45.51304515616706
44.54,-45.512955324635264
44.56,-45.51284301946196
44.58,-45.51273069677636
44.6,-45.512640826017005
44.62,-45.5125284718017
44.64,-45.51241610006569
44.66,-45.512303710805995
44.68,-45.51221378677915
44.7,-45.51210136596922
44.72,-45.5119889276272
44.74,-45.511898964328445
44.76,-45.51178649442107
44.78,-45.51167400697318
44.8,-45.511584004383685
44.82,-45.511471485355315
44.84,-45.511381457497535
44.86,-45.511268906878946
44.88,-45.51117885374509
44.9,-45.51108878937494
44.92,-45.51099871376693
44.94,-45.51090862691953
44.96,-45.51079600255255
44.98,-45.5107058904109
45.0,-45.51061576702485
45.02,-45.510548167105256
45.04,-45.51045802403782
45.06,-45.51036786972175
45.08,-45.51030024660185
45.1,-45.51021007259697
45.12,-45.5101424347087
45.14,-45.51005224101028
45.16,-45.509984588350086
45.18,-45.50991692935799
45.2,-45.50982670751777
45.22,-45.50975903374869
45.24,-45.509691353645536
45.26,-45.50964623005751
45.28,-45.509578539396124
45.3,-45.50951084239892
45.32,-45.509443139065255
45.34,-45.5093979999889
45.36,-45.50933028609302
45.38,-45.50928513997458
45.4,-45.509239991038974
45.42,-45.50917226235295
45.44,-45.50912710637357
45.46,-45.50908194757635
45.48,-45.50903678596109
45.5,-45.50899162152759
45.52,-45.50894645427568
45.54,-45.508901284205145
45.56,-45.508856111315794
45.58,-45.50883352381401
45.6,-45.508788346696086
45.62,-45.5087657570799
45.64,-45.508720575732966
45.66,-45.50869798400216
45.68,-45.50865279842578
45.7,-45.50863020458015
45.72,-45.50860761002952
45.74,-45.5085624188132
45.76,-45.508539822147455
45.78,-45.50851722477662
45.8,-45.50849462670067
45.82,-45.50847202791958
45.84,-45.50844942843334
45.86,-45.5084268282419
45.88,-45.50840422734526
45.9,-45.50840422734526
45.92,-45.50838162574338
45.94,-45.50835902343625
45.96,-45.50833642042383
45.98,-45.50833642042383
46.0,-45.50831381670611
46.02,-45.508291212283055
46.04,-45.508291212283055
46.06,-45.50826860715465
46.08,-45.50826860715465
46.1,-45.508246001320856
46.12,-45.508246001320856
46.14,-45.508246001320856
46.16,-45.508223394781666
46.18,-45.508223394781666
46.2,-45.508223394781666
46.22,-45.50820078753705
46.24,-45.50820078753705
46.26,-45.50820078753705
46.28,-45.50820078753705
46.3,-45.50817817958698
46.32,-45.50817817958698
46.34,-45.50817817958698
46.36,-45.50817817958698
46.38,-45.50817817958698
46.4,-45.50817817958698
46.42,-45.50817817958698
46.44,-45.50817817958698
46.46,-45.50817817958698
46.48,-45.50817817958698
46.5,-45.50817817958698
46.52,-45.50817817958698
46.54,-45.50817817958698
46.56,-45.50817817958698
46.58,-45.50817817958698
46.6,-45.50817817958698
46.62,-45.50817817958698
46.64,-45.50817817958698
46.66,-45.50817817958698
46.68,-45.50817817958698
46.7,-45.50817817958698
46.72,-45.50817817958698
46.74,-45.50817817958698
46.76,-45.50817817958698
46.78,-45.50817817958698
46.8,-45.50817817958698
46.82,-45.50817817958698
46.84,-45.50817817958698
46.86,-45.50820078753705
46.88,-45.50820078753705
46.9,-45.50820078753705
46.92,-45.50820078753705
46.94,-45.50820078753705
46.96,-45.50820078753705
46.98,-45.50820078753705
47.0,-45.50820078753705
47.02,-45.50820078753705
47.04,-45.508223394781666
47.06,-45.508223394781666
47.08,-45.508223394781666
47.1,-45.508223394781666
47.12,-45.508223394781666
47.14,-45.508223394781666
47.16,-45.508223394781666
47.18,-45.508223394781666
47.2,-45.508223394781666
47.22,-45.508246001320856
47.24,-45.508246001320856
47.26,-45.508246001320856
47.28,-45.508246001320856
47.3,-45.508246001320856
47.32,-45.508246001320856
47.34,-45.508246001320856
47.36,-45.508246001320856
47.38,-45.508246001320856
47.4,-45.50826860715465
47.42,-45.50826860715465
47.44,-45.50826860715465
47.46,-45.50826860715465
47.48,-45.50826860715465
47.5,-45.50826860715465
47.52,-45.50826860715465
47.54,-45.50826860715465
47.56,-45.50826860715465
47.58,-45.50826860715465
47.6,-45.508291212283055
47.62,-45.508291212283055
47.64,-45.508291212283055
47.66,-45.508291212283055
47.68,-45.508291212283055
47.7,-45.508291212283055
47.72,-45.508291212283055
47.74,-45.508291212283055
47.76,-45.508291212283055
47.78,-45.508291212283055
47.8,-45.508291212283055
47.82,-45.508291212283055
47.84,-45.508291212283055
47.86,-45.508291212283055
47.88,-45.508291212283055
47.9,-45.50831381670611
47.92,-45.50831381670611
47.94,-45.50831381670611
47.96,-45.50831381670611
47.98,-45.50831381670611
48.0,-17.952031120072604
48.02,-17.937896911817113
48.04,-17.89903331275103
48.06,-17.839781401111257
48.08,-17.76413410323704
48.1,-17.675534916324608
48.12,-17.576832597265053
48.14,-17.47078521515528
48.16,-17.359312352055632
48.18,-17.244235057447643
48.2,-17.12706706439004
48.22,-17.009121621117846
48.24,-16.891241927394336
48.26,-16.77429299954791
48.28,-16.658887957614997
48.3,-16.545666841596045
48.32,-16.434955829965233
48.34,-16.326963806096334
48.36,-16.222030461037217
48.38,-16.12030125460946
48.4,-16.021899221835376
48.42,-15.926781543684097
48.44,-15.835042946695419
48.46,-15.746691426605455
48.48,-15.661725923273925
48.5,-15.580006336410282
48.52,-15.50152643644357
48.54,-15.426211013916864
48.56,-15.353985207739944
48.58,-15.284715324409698
48.6,-15.218390460764168
48.62,-15.154881736976897
48.64,-15.094066824633812
48.66,-15.035829645846091
48.68,-14.980166721915806
48.7,-14.926914877547922
48.72,-14.876023476204358
48.74,-14.827292704194738
48.76,-14.780782086416124
48.78,-14.736303126041182
48.8,-14.693821909748204
48.82,-14.653212280754028
48.84,-14.614447491575234
48.86,-14.57736627879835
48.88,-14.541994963237762
48.9,-14.50822648384333
48.92,-14.476003148498325
48.94,-14.445227982180839
48.96,-14.415851422821412
48.98,-14.387826704195625
49.0,-14.361068819282336
49.02,-14.335578105012104
49.04,-14.311235475218215
49.06,-14.288046200790106
49.08,-14.265937659468367
49.1,-14.24487947522052
49.12,-14.22480476555935
49.14,-14.205725590444766
49.16,-14.18750390437188
49.18,-14.170193266722347
49.2,-14.153735166070005
49.22,-14.138073585921902
49.24,-14.123191128417982
49.26,-14.109035348619477
49.28,-14.095627431499892
49.3,-14.082881726197302
49.32,-14.070786005247585
49.34,-14.059328765611237
49.36,-14.048464256583776
49.38,-14.038182915751829
49.4,-14.028475765799044
49.42,-14.019299983946677
49.44,-14.010613926519474
49.46,-14.002411120893925
49.48,-13.994719460260365
49.5,-13.987465205693765
49.52,-13.980609742625164
49.54,-13.974216019490532
49.56,-13.968178959920074
49.58,-13.962561968174466
49.6,-13.957294747843125
49.62,-13.952374396475461
49.64,-13.947798215380372
49.66,-13.943530661585017
49.68,-13.939569642150673
49.7,-13.93591322201656
49.72,-13.93252677303144
49.74,-13.92944162558004
49.76,-13.926590800522792
49.78,-13.923973225521513
49.8,-13.921587918620766
49.82,-13.919433987213123
49.84,-13.91751062709627
49.86,-13.915784569428125
49.88,-13.914222738851208
49.9,-13.912889721052183
49.92,-13.911687579851163
49.94,-13.910680983186104
49.96,-13.909837164150078
49.98,-13.909123464827358
50.0,-13.90853973437968
50.02,-13.908118266162035
50.04,-13.907826536893843
50.06,-13.90763207635361
50.08,-13.907567260730705
50.1,-13.907599668257353
50.12,-13.907761714435038
50.14,-13.90798860301141
50.16,-13.908312777984882
50.18,-13.90873429066651
50.2,-13.90918833517265
50.22,-13.909772270980056
50.24,-13.910388848295208
50.26,-13.911070568355436
50.28,-13.911817503307187
50.3,-13.912629732256365
50.32,-13.91347482981003
50.34,-13.914352840933882
50.36,-13.915296355397086
50.38,-13.9162729126106
50.4,-13.917282564707675
50.42,-13.91832536564208
50.44,-13.919401371196278
50.46,-13.920478003956937
50.48,-13.921587918620766
50.5,-13.922731174712238
50.52,-13.923875138525384
50.54,-13.925052526150923
50.56,-13.926197927934014
50.58,-13.927376796203552
50.6,-13.928589194407543
50.62,-13.929769588344659
50.64,-13.930950735903906
50.66,-13.932165479291827
50.68,-13.933348157541088
50.7,-13.934531591890329
50.72,-13.93571578315838
50.74,-13.936900732164297
50.76,-13.938086439727359
50.78,-13.939239938990884
50.8,-13.940394156782721
50.82,-13.941516085665535
50.84,-13.942638694006463
50.86,-13.943761982496634
50.88,-13.944852884181499
50.9,-13.945944427878686
50.92,-13.947036614220618
50.94,-13.948063193418259
50.96,-13.949123484060246
50.98,-13.950118056913217
51.0,-13.951146342259996
51.02,-13.952108802419618
51.04,-13.953071761628493
51.06,-13.954035220316563
51.08,-13.954932682952316
51.1,-13.955863843021392
51.12,-13.956728909614261
51.14,-13.957594379002602
51.16,-13.958460251496597
51.18,-13.959259876468526
51.2,-13.96005984542352
51.22,-13.960860158605705
51.24,-13.961627448643029
51.26,-13.962361674472229
51.28,-13.963096190137852
51.3,-13.963797589274911
51.32,-13.964465834284828
51.34,-13.9651343192744
51.36,-13.965769602424482
51.38,-13.966371649630043
51.4,-13.966973891545715
51.42,-13.967576328274664
51.44,-13.968145475268914
51.46,-13.968681301926884
51.48,-13.969217282742417
51.5,-13.96971990482783
51.52,-13.970189141126541
51.54,-13.970692025451982
51.56,-13.971127968321591
51.58,-13.971564013177693
51.6,-13.972000160059197
51.62,-13.972402847769331
51.64,-13.972772054593683
51.66,-13.973141334542971
51.68,-13.973510687640776
51.7,-13.973846526680065
51.72,-13.974182426209888
51.74,-13.97448478752078
51.76,-13.974787197856278
51.78,-13.975089657229304
51.8,-13.975358551183081
51.82,-13.975627483901846
51.84,-13.975862831837306
51.86,-13.97609820946524
51.88,-13.976333616791731
51.9,-13.976535418142388
51.92,-13.976737241320693
51.94,-13.976939086330475
51.96,-13.977107307184879
51.98,-13.977275543204907
52.0,-13.977443794392778
52.02,-13.977578406265414
52.04,-13.977746684760987
52.06,-13.977881318482657
52.08,-13.977982300147692
52.1,-13.978116950867031
52.12,-13.978217945281623
52.14,-13.978318945161107
52.16,-13.978419950505964
52.18,-13.97848729043909
52.2,-13.978588304893966
52.22,-13.978655650900881
52.24,-13.978722999337561
52.26,-13.978790350204147
52.28,-13.978824026548697
52.3,-13.978891381060409
52.32,-13.978925059227603
52.34,-13.97895873800238
52.36,-13.978992417384758
52.38,-13.979026097374755
52.4,-13.979059777972386
52.42,-13.979093459177674
52.44,-13.979093459177674
52.46,-13.97912714099063
52.48,-13.97912714099063
52.5,-13.97912714099063
52.52,-13.97912714099063
52.54,-13.97912714099063
52.56,-13.97912714099063
52.58,-13.97912714099063
52.6,-13.97912714099063
52.62,-13.97912714099063
52.64,-13.979093459177674
52.66,-13.979093459177674
52.68,-13.979093459177674
52.7,-13.979059777972386
52.72,-13.979059777972386
52.74,-13.979026097374755
52.76,-13.978992417384758
52.78,-13.978992417384758
52.8,-13.97895873800238
52.82,-13.978925059227603
52.84,-13.978891381060409
52.86,-13.978891381060409
52.88,-13.978857703500779
52.9,-13.978824026548697
52.92,-13.978790350204147
52.94,-13.978756674467107
52.96,-13.978722999337561
52.98,-13.978722999337561
53.0,-13.978689324815491
53.02,-13.978655650900881
53.04,-13.978621977593711
53.06,-13.978588304893966
53.08,-13.978554632801625
53.1,-13.978520961316674
53.12,-13.97848729043909
53.14,-13.97845362016886
53.16,-13.978419950505964
53.18,-13.978419950505964
53.2,-13.978386281450385
53.22,-13.978352613002105
53.24,-13.978318945161107
53.26,-13.978285277927373
53.28,-13.978251611300884
53.3,-13.978217945281623
53.32,-13.978184279869572
53.34,-13.978184279869572
53.36,-13.978150615064713
53.38,-13.978116950867031
53.4,-13.978083287276505
53.42,-13.978049624293119
53.44,-13.978049624293119
53.46,-13.978015961916853
53.48,-13.977982300147692
53.5,-13.977948638985618
53.52,-13.977948638985618
53.54,-13.977914978430611
53.56,-13.977881318482657
53.58,-13.977881318482657
53.6,-13.977847659141734
53.62,-13.977814000407827
53.64,-13.977814000407827
53.66,-13.977780342280917
53.68,-13.977780342280917
53.7,-13.977746684760987
53.72,-13.977713027848019
53.74,-13.977713027848019
53.76,-13.977679371541996
53.78,-13.977679371541996
53.8,-13.977645715842899
53.82,-13.977645715842899
53.84,-13.97761206075071
53.86,-13.97761206075071
53.88,-13.977578406265414
53.9,-13.977578406265414
53.92,-13.977578406265414
53.94,-13.977544752386988
53.96,-13.977544752386988
53.98,-13.977544752386988
54.0,-44.094849740642964
54.02,-44.10473834429256
54.04,-44.13184514456796
54.06,-44.172805864998075
54.08,-44.22460243753376
54.1,-44.28436741967866
54.12,-44.34984645038355
54.14,-44.4190458450308
54.16,-44.490313003746
54.18,-44.56243548552883
54.2,-44.634239878704804
54.22,-44.70505542835267
54.24,-44.77416970901479
54.26,-44.841210168298595
54.28,-44.90578989996444
54.3,-44.96776162833439
54.32,-45.02694320508927
54.34,-45.08334809140101
54.36,-45.136937569548856
54.38,-45.18776560912925
54.4,-45.23583415113803
54.42,-45.281284136255415
54.44,-45.324193919765385
54.46,-45.36467345688842
54.48,-45.40283077559952
54.5,-45.43879614144243
54.52,-45.472668795104475
54.54,-45.50456764404218
54.56,-45.53460444928325
54.58,-45.5628841432925
54.6,-45.589505148366705
54.62,-45.61457900591111
54.64,-45.6381898887447
54.66,-45.66041665737734
54.68,-45.6813676747329
54.7,-45.701108379358985
54.72,-45.71971622614763
54.74,-45.737262656114616
54.76,-45.75379851172579
54.78,-45.76940070907356
54.8,-45.784125431856054
54.82,-45.79801084828541
54.84,-45.81111956652465
54.86,-45.82350902264962
54.88,-45.835193941669544
54.9,-45.84623816972663
54.92,-45.856676096612105
54.94,-45.86653964196857
54.96,-45.87585844113981
54.98,-45.88466001480231
55.0,-45.8929919331316
55.02,-45.90086580305515
55.04,-45.9083136822194
55.06,-45.915354958996225
55.08,-45.9220178648808
55.1,-45.92831868092231
55.12,-45.93427259096203
55.14,-45.93991307549509
55.16,-45.945242910935846
55.18,-45.95027401215349
55.2,-45.955045192164846
55.22,-45.95954745321384
55.24,-45.963799135570895
55.26,-45.967817495084546
55.28,-45.97161880320125
55.3,-45.975209771819095
55.32,-45.97858811088502
55.34,-45.98178540329604
55.36,-45.98479821050942
55.38,-45.98763973543995
55.4,-45.99031431248565
55.42,-45.992834163808155
55.44,-45.995210974334434
55.46,-45.99743985404197
55.48,-45.99953191376464
55.5,-46.001497826304636
55.52,-46.00333998916626
55.54,-46.00506846949889
55.56,-46.00667742148489
55.58,-46.00819201708284
55.6,-46.00959827658929
55.62,-46.01090543005115
55.64,-46.012130087188424
55.66,-46.01325807970079
55.68,-46.01430570619847
55.7,-46.015273852484135
55.72,-46.01617086024664
55.74,-46.01698990650205
55.76,-46.017739160341854
55.78,-46.018426649910936
55.8,-46.019052835488985
55.82,-46.01961813545698
55.84,-46.02012292681457
55.86,-46.02058235361024
55.88,-46.02098186022376
55.9,-46.021343861250664
55.92,-46.02164638464949
55.94,-46.02191173328974
55.96,-46.022140017141304
55.98,-46.02232397505765
56.0,-46.02247105019872
56.02,-46.02258130339163
56.04,-46.02266212678553
56.06,-46.02271354710553
56.08,-46.02272823680464
56.1,-46.022720892056235
56.12,-46.022684165279536
56.14,-46.02261804433379
56.16,-46.02253720758103
56.18,-46.02242693616427
56.2,-46.02230190679667
56.22,-46.02215473843758
56.24,-46.02199275955591
56.26,-46.02181594330885
56.28,-46.02161688521586
56.3,-46.021410298109764
56.32,-46.02118877781413
56.34,-46.020952287530065
56.36,-46.02070818835506
56.38,-46.020449052528264
56.4,-46.02018966653682
56.42,-46.01991518617646
56.44,-46.019632995776426
56.46,-46.01935050949583
56.48,-46.019052835488985
56.5,-46.018754832854235
56.52,-46.01845650118955
56.54,-46.01815036934055
56.56,-46.01784389094735
56.58,-46.017529577691185
56.6,-46.017214899855816
56.62,-46.01689985697254
56.64,-46.01659196254721
56.66,-46.0162761968788
56.68,-46.015960064763576
56.7,-46.015643565730144
56.72,-46.01533424801827
56.74,-46.0150170224957
56.76,-46.01470699469029
56.78,-46.01440418985932
56.8,-46.0141010501167
56.82,-46.01379757505177
56.84,-46.0134937642533
56.86,-46.0132048326465
56.88,-46.01290798175415
56.9,-46.01261843433711
56.92,-46.01233621406149
56.94,-46.01205370482822
56.96,-46.011778553318884
56.98,-46.011510782064875
57.0,-46.0112427513897
57.02,-46.01098213006047
57.04,-46.010721263403575
57.06,-46.010475517509235
57.08,-46.010229553859816
57.1,-46.009983372241344
57.12,-46.00975237882334
57.14,-46.009521193466
57.16,-46.009289815992425
57.18,-46.00907369019603
57.2,-46.00885739674672
57.22,-46.00864866915003
57.24,-46.008447524619626
57.26,-46.00824623517123
57.28,-46.008052550852355
57.3,-46.00786648765692
57.32,-46.007688060958415
57.34,-46.00750952051314
57.36,-46.007338636185736
57.38,-46.00716764764352
57.4,-46.00701211302058
57.42,-46.006856492158434
57.44,-46.006700785004035
57.46,-46.006552783230816
57.48,-46.00641249910085
57.5,-46.00627994424187
57.52,-46.00614732689472
57.54,-46.0060224534561
57.56,-46.00589752460842
57.58,-46.00578035346679
57.6,-46.00567094975549
57.62,-46.005561503562866
57.64,-46.00545201487063
57.66,-46.00535030872876
57.68,-46.00525639358435
57.7,-46.005162447178236
57.72,-46.00507630216691
57.74,-46.004990130868485
57.76,-46.00491177050584
57.78,-46.00483338840428
57.8,-46.00476282592056
57.82,-46.00469224581801
57.84,-46.00462164809176
57.86,-46.00455887975815
57.88,-46.00450394603761
57.9,-46.00444115157833
57.92,-46.00439404658683
57.94,-46.00433908085199
57.96,-46.004291958867825
57.98,-46.00424482903859
58.0,-46.004205548187095
58.02,-46.00415840397148
58.04,-46.004126970133846
58.06,-46.00408767293042
58.08,-46.00405623124204
58.1,-46.004024786063745
58.12,-46.0039933373951
58.14,-46.00396974860283
58.16,-46.003938293825044
58.18,-46.003914700450416
58.2,-46.003898970442805
58.22,-46.003875373794465
58.24,-46.00385964160421
58.26,-46.00384390854081
58.28,-46.003828174604195
58.3,-46.00381243979433
58.32,-46.00380457206191
58.34,-46.00378883594205
58.36,-46.003780967554604
58.38,-46.003773098948805
58.4,-46.00376523012464
58.42,-46.00375736108211
58.44,-46.00375736108211
58.46,-46.0037494918212
58.48,-46.0037494918212
58.5,-46.0037494918212
58.52,-46.0037494918212
58.54,-46.0037494918212
58.56,-46.0037494918212
58.58,-46.0037494918212
58.6,-46.0037494918212
58.62,-46.0037494918212
58.64,-46.00375736108211
58.66,-46.00375736108211
58.68,-46.00376523012464
58.7,-46.00376523012464
58.72,-46.003773098948805
58.74,-46.003773098948805
58.76,-46.003780967554604
58.78,-46.00378883594205
58.8,-46.00379670411115
58.82,-46.00379670411115
58.84,-46.00380457206191
58.86,-46.00381243979433
58.88,-46.00382030730842
58.9,-46.003828174604195
58.92,-46.00383604168166
58.94,-46.00384390854081
58.96,-46.00385177518166
58.98,-46.00385964160421
59.0,-46.00386750780848
59.02,-46.003875373794465
59.04,-46.00388323956218
59.06,-46.00389110511162
59.08,-46.003898970442805
59.1,-46.00390683555573
59.12,-46.003914700450416
59.14,-46.00392256512686
59.16,-46.003938293825044
59.18,-46.003946157846805
59.2,-46.003954021650344
59.22,-46.00396188523568
59.24,-46.00396974860283
59.26,-46.003977611751765
59.28,-46.00398547468252
59.3,-46.0039933373951
59.32,-46.00400119988951
59.34,-46.00400906216574
59.36,-46.00401692422382
59.38,-46.00401692422382
59.4,-46.004024786063745
59.42,-46.00403264768552
59.44,-46.00404050908916
59.46,-46.00404837027466
59.48,-46.00405623124204
59.5,-46.004064091991296
59.52,-46.00407195252244
59.54,-46.00407195252244
59.56,-46.00407981283548
59.58,-46.00408767293042
59.6,-46.00409553280726
59.62,-46.00409553280726
59.64,-46.00410339246602
59.66,-46.0041112519067
59.68,-46.0041112519067
59.7,-46.004119111129306
59.72,-46.004126970133846
59.74,-46.004126970133846
59.76,-46.00413482892033
59.78,-46.00414268748876
59.8,-46.00414268748876
59.82,-46.00415054583914
59.84,-46.00415054583914
59.86,-46.00415840397148
59.88,-46.00415840397148
59.9,-46.00416626188579
59.92,-46.00416626188579
59.94,-46.00417411958208
59.96,-46.00417411958208
59.98,-46.00418197706035
