0.0,-0.8968950577630372
0.02,-0.8941709047779849
0.04,-0.8866193323026166
0.06,-0.8750143330893712
0.08,-0.8600089873730755
0.1,-0.8421544545297872
0.12,-0.8219246919860426
0.14,-0.7997163836529951
0.16,-0.7758652770955017
0.18,-0.7506693444169622
0.2,-0.7243739212646454
0.22,-0.6971962212583668
0.24,-0.6693202395597494
0.26,-0.6409014943277833
0.28,-0.6120917345214142
0.3,-0.5829989499000535
0.32,-0.5537320114389693
0.34,-0.5243806096525985
0.36,-0.4950301393206167
0.38,-0.4657515693020146
0.4,-0.43660633312319164
0.42,-0.4076411622493659
0.44,-0.37891326862968405
0.46,-0.3504548887559888
0.48,-0.322349339482831
0.5,-0.2945480046307046
0.52,-0.2671550335433427
0.54,-0.2401218289941016
0.56,-0.213553101260756
0.58,-0.18740025012999867
0.6,-0.16176850392516706
0.62,-0.1365577432608429
0.64,-0.11187342363179315
0.66,-0.08766663217888124
0.68,-0.06399153971800407
0.7,-0.0407989502273045
0.72,-0.018194947635039243
0.74,0.0039216757350904645
0.76,0.025444674469424573
0.78,0.04647567760664405
0.8,0.06696044997507795
0.82,0.08689677545885638
0.84,0.10633478774826473
0.86,0.12516789495582917
0.88,0.14349870246994725
0.9,0.16127296666004728
0.92,0.17854130744760263
0.94,0.1952494858994221
0.96,0.2114483497665644
0.98,0.2271363401407295
1.0,0.24231195116170617
1.02,0.25697372980614874
1.04,0.27117308365437326
1.06,0.28485594262664227
1.08,0.2980210058716451
1.1,0.3107728889483407
1.12,0.32300468290563505
1.14,0.33482124702079097
1.16,0.3461156028515044
1.18,0.3570459173185013
1.2,0.3675052511537266
1.22,0.3774927212846901
1.24,0.387113826033081
1.26,0.39636793491525685
1.28,0.40514799008328806
1.3,0.413559758809739
1.32,0.421655969488186
1.34,0.4293295681145502
1.36,0.43663330780861337
1.38,0.4436200588980509
1.4,0.45023606756948426
1.42,0.4565342895682922
1.44,0.4625143753952839
1.46,0.4681759935706465
1.48,0.4735722672391658
1.5,0.47864949515654354
1.52,0.4834073967170452
1.54,0.4879526703956705
1.56,0.49217816116481217
1.58,0.4961906476427748
1.6,0.4999364648816999
1.62,0.503468969085524
1.64,0.506734492375843
1.66,0.5097864324649544
1.68,0.5126246774846875
1.7,0.5152491234560311
1.72,0.5177132458318389
1.74,0.5199633983843799
1.76,0.5220530835645658
1.78,0.523928653399158
1.8,0.5256436350263397
1.82,0.5271979814333048
1.84,0.5286452548638045
1.86,0.5298782112061643
1.88,0.5310040293047574
1.9,0.5320226886038696
1.92,0.5328805526209319
1.94,0.5336312178784828
1.96,0.534221048714625
1.98,0.5347572756851774
2.0,0.5351862690002449
2.02,0.5355080208338497
2.04,0.5357225253167929
2.06,0.5358297785364105
2.08,0.5358834053907529
2.1,0.5358834053907529
2.12,0.5357761518450898
2.14,0.5356152727492708
2.16,0.5353471441834184
2.18,0.5350790196932809
2.2,0.5347036522544488
2.22,0.5342746706779986
2.24,0.5338456995362425
2.26,0.5333095002833622
2.28,0.5327733173359072
2.3,0.5321835349272783
2.32,0.5315937722499291
2.34,0.5308968054347827
2.36,0.5302534759142298
2.38,0.5295029544898736
2.4,0.5288060703630737
2.42,0.5280556105929859
2.44,0.5272515820323301
2.46,0.5264475901760242
2.48,0.5256436350263397
2.5,0.5248397165855486
2.52,0.5239822440459535
2.54,0.5231248132782584
2.56,0.5223210098733614
2.58,0.5214636600465544
2.6,0.5205527716340924
2.62,0.5196955079815124
2.64,0.5188382861145855
2.66,0.517981106036058
2.68,0.5171239677486766
2.7,0.5162668712551852
2.72,0.5154098165583284
2.74,0.5145528036608484
2.76,0.5136958325654865
2.78,0.5128924601308363
2.8,0.5120355700348757
2.82,0.5112322735419823
2.84,0.5104290137985595
2.86,0.5096257908068608
2.88,0.5088226045691399
2.9,0.5080729972428433
2.92,0.5072698820691988
2.94,0.5065203410733001
2.96,0.505770832101783
2.98,0.5050748881618646
3.0,0.504325440956817
3.02,0.5036295543746341
3.04,0.5029336954113889
3.06,0.5022913885758158
3.08,0.5015955827300212
3.1,0.500953324928435
3.12,0.5003110906649338
3.14,0.4997223966019263
3.16,0.4991337223192974
3.18,0.4985450678179317
3.2,0.49795643309871346
3.22,0.49742132779376635
3.24,0.4968862388390946
3.26,0.4963511662353624
3.28,0.4958161099832324
3.3,0.49533457333748365
3.32,0.49485304993755314
3.34,0.4943715397839248
3.36,0.49394354187921935
3.38,0.49346205674770044
3.4,0.49303408108563646
3.42,0.492659610968067
3.44,0.4922316549331341
3.46,0.49185720198982563
3.48,0.4914827570615296
3.5,0.49110832014847206
3.52,0.49078738060264215
3.54,0.4904129585756305
3.56,0.4900920317896037
3.58,0.4898245973000633
3.6,0.48950368131131655
3.62,0.48923625581970936
3.64,0.4889688344182043
3.66,0.4887014171068836
3.68,0.4884340038858302
3.7,0.4881665947551261
3.72,0.4879526703956705
3.74,0.4877387486541337
3.76,0.4875248295305579
3.78,0.4873109130249858
3.8,0.48715047736389677
3.82,0.486936565439932
3.84,0.48677613321509783
3.86,0.48661570246297337
3.88,0.48645527318357656
3.9,0.4862948453769259
3.92,0.48613441904303867
3.94,0.48602746897199134
3.96,0.4859205195555188
3.98,0.4857600966581491
4.0,0.48565314887813693
4.02,0.48554620175271734
4.04,0.4854392552818969
4.06,0.4853857822919627
4.08,0.48527883680305
4.1,0.48517189196874844
4.12,0.48511841979707887
4.14,0.4850649477890643
4.16,0.48495800426400243
4.18,0.4849045327469564
4.2,0.484851061393568
4.22,0.4847975902038377
4.24,0.4847441191777666
4.26,0.4847441191777666
4.28,0.48469064831535513
4.3,0.4846371776166034
4.32,0.4846371776166034
4.34,0.4845837070815123
4.36,0.4845837070815123
4.38,0.4845302367100833
4.4,0.4845302367100833
4.42,0.4845302367100833
4.44,0.4844767665023162
4.46,0.4844767665023162
4.48,0.4844767665023162
4.5,0.4844767665023162
4.52,0.4844767665023162
4.54,0.4844767665023162
4.56,0.4844767665023162
4.58,0.4844767665023162
4.6,0.4844767665023162
4.62,0.4844767665023162
4.64,0.4844767665023162
4.66,0.4844767665023162
4.68,0.4845302367100833
4.7,0.4845302367100833
4.72,0.4845302367100833
4.74,0.4845302367100833
4.76,0.4845837070815123
4.78,0.4845837070815123
4.8,0.4845837070815123
4.82,0.4846371776166034
4.84,0.4846371776166034
4.86,0.4846371776166034
4.88,0.48469064831535513
4.9,0.48469064831535513
4.92,0.48469064831535513
4.94,0.4847441191777666
4.96,0.4847441191777666
4.98,0.4847975902038377
5.0,0.4847975902038377
5.02,0.4847975902038377
5.04,0.484851061393568
5.06,0.484851061393568
5.08,0.4849045327469564
5.1,0.4849045327469564
5.12,0.4849045327469564
5.14,0.48495800426400243
5.16,0.48495800426400243
5.18,0.4850114759447057
5.2,0.4850114759447057
5.22,0.4850114759447057
5.24,0.4850649477890643
5.26,0.4850649477890643
5.28,0.4850649477890643
5.3,0.48511841979707887
5.32,0.48511841979707887
5.34,0.48517189196874844
5.36,0.48517189196874844
5.38,0.48517189196874844
5.4,0.48522536430407226
5.42,0.48522536430407226
5.44,0.48522536430407226
5.46,0.48527883680305
5.48,0.48527883680305
5.5,0.48527883680305
5.52,0.48533230946567996
5.54,0.48533230946567996
5.56,0.48533230946567996
5.58,0.4853857822919627
5.6,0.4853857822919627
5.62,0.4853857822919627
5.64,0.4853857822919627
5.66,0.4854392552818969
5.68,0.4854392552818969
5.7,0.4854392552818969
5.72,0.4854392552818969
5.74,0.48549272843548213
5.76,0.48549272843548213
5.78,0.48549272843548213
5.8,0.48549272843548213
5.82,0.48554620175271734
5.84,0.48554620175271734
5.86,0.48554620175271734
5.88,0.48554620175271734
5.9,0.48554620175271734
5.92,0.48559967523360265
5.94,0.48559967523360265
5.96,0.48559967523360265
5.98,0.48559967523360265
6.0,-6.740081147116788
6.02,-6.745016933038138
6.04,-6.758683877578073
6.06,-6.77959897636245
6.08,-6.806482172681644
6.1,-6.838247851878899
6.12,-6.873926604416131
6.14,-6.912733582505074
6.16,-6.953984186454336
6.18,-6.997115086917441
6.2,-7.0416204993496905
6.22,-7.087092392866156
6.24,-7.133203328186205
6.26,-7.17965178751028
6.28,-7.22619706037698
6.3,-7.272641070089664
6.32,-7.318812984400947
6.34,-7.364577574971334
6.36,-7.409818355006899
6.38,-7.454440415435455
6.4,-7.4983656258161675
6.42,-7.541544703588969
6.44,-7.583904588669592
6.46,-7.625429211098789
6.48,-7.666066990011211
6.5,-7.705803616213956
6.52,-7.74462503625023
6.54,-7.782517370977611
6.56,-7.819484303050037
6.58,-7.8554943651381635
6.6,-7.890585451279046
6.62,-7.924725542679037
6.64,-7.957933995354857
6.66,-7.990229184665965
6.68,-8.021594913982485
6.7,-8.052064988311486
6.72,-8.081638672688864
6.74,-8.110331264406833
6.76,-8.138140744792588
6.78,-8.16509738989763
6.8,-8.191214070744278
6.82,-8.216486663529409
6.84,-8.240959189731704
6.86,-8.264626088072324
6.88,-8.287513565446082
6.9,-8.309630978621453
6.92,-8.33098712243039
6.94,-8.351606178547392
6.96,-8.371495757370743
6.98,-8.390678831265392
7.0,-8.40917775927057
7.02,-8.426982829603478
7.04,-8.444131242369002
7.06,-8.4606438659153
7.08,-8.476509814306265
7.1,-8.491764867526078
7.12,-8.506428685887238
7.14,-8.52048944040485
7.16,-8.533981759228721
7.18,-8.546924328094148
7.2,-8.559320047486125
7.22,-8.571187088357247
7.24,-8.582543357605527
7.26,-8.593391098263005
7.28,-8.603763208503434
7.3,-8.613661535042434
7.32,-8.62310317035458
7.34,-8.632089674389574
7.36,-8.64065317988619
7.38,-8.648779631971305
7.4,-8.65651619397279
7.42,-8.663863894434588
7.44,-8.670823691934565
7.46,-8.677411758371484
7.48,-8.683644162667088
7.5,-8.68953687993081
7.52,-8.695090546808643
7.54,-8.700320999204106
7.56,-8.705243999397853
7.58,-8.709860012005024
7.6,-8.714199915901164
7.62,-8.718248853122741
7.64,-8.722037599973987
7.66,-8.725566447334545
7.68,-8.728835663184123
7.7,-8.731875891237907
7.72,-8.73468733188202
7.74,-8.737285360087828
7.76,-8.739670133170012
7.78,-8.74184179440946
7.8,-8.743830837693531
7.82,-8.745637364293756
7.84,-8.747261465633601
7.86,-8.748718398846142
7.88,-8.750008230871442
7.9,-8.7511461927631
7.92,-8.752132331685477
7.94,-8.752997027429124
7.96,-8.753709971479248
7.98,-8.754301528622623
8.0,-8.754786885346652
8.02,-8.755150889004138
8.04,-8.75539355150188
8.06,-8.755545212880161
8.08,-8.755605876853817
8.1,-8.755575544908245
8.12,-8.755454216300786
8.14,-8.755257054497093
8.16,-8.754984055471176
8.18,-8.754650380907368
8.2,-8.754240857543461
8.22,-8.753770645455601
8.24,-8.753239736926
8.26,-8.752663293202417
8.28,-8.752041307156798
8.3,-8.751358599340483
8.32,-8.750645503971388
8.34,-8.749902015111429
8.36,-8.749112951726246
8.38,-8.748293479930796
8.4,-8.747443592846764
8.42,-8.746578461670179
8.44,-8.74568290312502
8.46,-8.744756909636354
8.48,-8.743830837693531
8.5,-8.742889503699894
8.52,-8.741917718763135
8.54,-8.740945846975478
8.56,-8.739973888169143
8.58,-8.738986653265023
8.6,-8.737999328252785
8.62,-8.736996721245976
8.64,-8.736009214097042
8.66,-8.735006421788885
8.68,-8.73401873178912
8.7,-8.733030950796746
8.72,-8.732043078635911
8.74,-8.73107031526202
8.76,-8.730097463164915
8.78,-8.729124522176711
8.8,-8.72816669640976
8.82,-8.727223989817073
8.84,-8.726296406301314
8.86,-8.725368741436846
8.88,-8.724456204692771
8.9,-8.723558799876319
8.92,-8.722676530742502
8.94,-8.721794187551806
8.96,-8.720942199600739
8.98,-8.720105358298554
9.0,-8.719268450074841
9.02,-8.718461911462288
9.04,-8.717670529975747
9.06,-8.716894308989612
9.08,-8.716133251821795
9.1,-8.715387361733239
9.12,-8.714656641927439
9.14,-8.713941095549972
9.16,-8.713240725688028
9.18,-8.712570762314968
9.2,-8.711900755497892
9.22,-8.711261162959161
9.24,-8.710636760538947
9.26,-8.710027550961549
9.28,-8.709433536890012
9.3,-8.708854720925746
9.32,-8.708306338861584
9.34,-8.707757927482398
9.36,-8.707224721619337
9.38,-8.706721959232917
9.4,-8.706234408476785
9.42,-8.705746834468853
9.44,-8.705289712700372
9.46,-8.704847808864638
9.48,-8.704405885883373
9.5,-8.703994423124863
9.52,-8.703598184017954
9.54,-8.703201929486216
9.56,-8.702836142371877
9.58,-8.702485584037063
9.6,-8.702135013606865
9.62,-8.701799674044098
9.64,-8.701479566852415
9.66,-8.70117469346857
9.68,-8.700885055262214
9.7,-8.700610653535703
9.72,-8.700336244375489
9.74,-8.70007707333955
9.76,-8.6998331415957
9.78,-8.699604450243914
9.8,-8.699375753720307
9.82,-8.699162298963564
9.84,-8.698964086937913
9.86,-8.698765871023094
9.88,-8.698582899033196
9.9,-8.698415171795999
9.92,-8.698247441771455
9.94,-8.698094957511472
9.96,-8.697942470946549
9.98,-8.697805231066864
10.0,-8.697683238494527
10.02,-8.69756124444592
10.04,-8.697439248920714
10.06,-8.69733250162463
10.08,-8.697225753197552
10.1,-8.697134253645427
10.12,-8.697042753262068
10.14,-8.696966502307532
10.16,-8.696890250775574
10.18,-8.696813998666114
10.2,-8.69675299656269
10.22,-8.696691994089575
10.24,-8.6966462419921
10.26,-8.69658523887192
10.28,-8.696554737173155
10.3,-8.69650898445165
10.32,-8.696463231522099
10.34,-8.696432729453475
10.36,-8.696402227292376
10.38,-8.696386976177145
10.4,-8.69635647387732
10.42,-8.696341222692723
10.44,-8.696325971485003
10.46,-8.696325971485003
10.48,-8.696310720254159
10.5,-8.696310720254159
10.52,-8.696295469000193
10.54,-8.696295469000193
10.56,-8.696295469000193
10.58,-8.696310720254159
10.6,-8.696310720254159
10.62,-8.696310720254159
10.64,-8.696325971485003
10.66,-8.696341222692723
10.68,-8.696341222692723
10.7,-8.69635647387732
10.72,-8.696371725038793
10.74,-8.696386976177145
10.76,-8.696402227292376
10.78,-8.696432729453475
10.8,-8.696447980499347
10.82,-8.696463231522099
10.84,-8.696478482521734
10.86,-8.69650898445165
10.88,-8.696524235381933
10.9,-8.696554737173155
10.92,-8.696569988034094
10.94,-8.696600489686633
10.96,-8.696615740478233
10.98,-8.6966462419921
11.0,-8.696676743413525
11.02,-8.696691994089575
11.04,-8.696722495372347
11.06,-8.69675299656269
11.08,-8.696768247123204
11.1,-8.696798748174915
11.12,-8.696813998666114
11.14,-8.696844499579203
11.16,-8.696875000399885
11.18,-8.696890250775574
11.2,-8.696920751457652
11.22,-8.696951252047336
11.24,-8.696966502307532
11.26,-8.696997002758632
11.28,-8.697012252949538
11.3,-8.697042753262068
11.32,-8.69705800338369
11.34,-8.697088503557659
11.36,-8.697103753610007
11.38,-8.697134253645427
11.4,-8.6971495036285
11.42,-8.697180003525384
11.44,-8.697195253439194
11.46,-8.697210503329917
11.48,-8.6972410030421
11.5,-8.697256252863564
11.52,-8.697271502661945
11.54,-8.697302002189453
11.56,-8.697317251918582
11.58,-8.69733250162463
11.6,-8.697347751307595
11.62,-8.69736300096748
11.64,-8.697378250604284
11.66,-8.697408749808655
11.68,-8.697423999376223
11.7,-8.697439248920714
11.72,-8.697454498442127
11.74,-8.697469747940465
11.76,-8.697484997415726
11.78,-8.697484997415726
11.8,-8.697500246867913
11.82,-8.697515496297024
11.84,-8.697530745703062
11.86,-8.697545995086028
11.88,-8.69756124444592
11.9,-8.69756124444592
11.92,-8.69757649378274
11.94,-8.69759174309649
11.96,-8.697606992387168
11.98,-8.697606992387168
12.0,-14.107605643659591
12.02,-14.121764480653532
12.04,-14.161149097685698
12.06,-14.222117604754223
12.08,-14.301799952644744
12.1,-14.397894830740862
12.12,-14.508435035463066
12.14,-14.631853028158574
12.16,-14.766781008704232
12.18,-14.912247914406509
12.2,-15.066673159649596
12.22,-15.229762700922263
12.24,-15.400454775455303
12.26,-15.578304960205823
12.28,-15.762052386222669
12.3,-15.951457074130014
12.32,-16.14584704053094
12.34,-16.344476286607602
12.36,-16.54693439062114
12.38,-16.75276940288096
12.4,-16.96148811208697
12.42,-17.17255682620295
12.44,-17.385402671986025
12.46,-17.599415404124596
12.48,-17.814868342380716
12.5,-18.030194900475905
12.52,-18.245634570487265
12.54,-18.460975430326865
12.56,-18.67551895476772
12.58,-18.888542745409296
12.6,-19.10030439972878
12.62,-19.31058549804179
12.64,-19.51866172416638
12.66,-19.724310751059797
12.68,-19.926797120922664
12.7,-20.126954648045412
12.72,-20.323540497554603
12.74,-20.516891295500713
12.76,-20.706831827824548
12.78,-20.892654890227277
12.8,-21.074740629181193
12.82,-21.252944449375512
12.84,-21.427131585365743
12.86,-21.596623628967855
12.88,-21.761853772558737
12.9,-21.923273917641563
12.92,-22.07967380960074
12.94,-22.232081921045317
12.96,-22.37929740528351
12.98,-22.522935407590708
13.0,-22.66124281973314
13.02,-22.79529016744187
13.04,-22.92502850649583
13.06,-23.050414338528793
13.08,-23.171409274450074
13.1,-23.287979695627655
13.12,-23.400096415349193
13.14,-23.50830402543342
13.16,-23.61201205868432
13.18,-23.711772570582404
13.2,-23.807571026910246
13.22,-23.89939540134362
13.24,-23.987806350419433
13.26,-24.071655358579125
13.28,-24.15264763192579
13.3,-24.229067686819658
13.32,-24.30262334105689
13.34,-24.37274218460684
13.36,-24.439423139112822
13.38,-24.503235655285035
13.4,-24.563610218425673
13.42,-24.621117229915242
13.44,-24.67518865885592
13.46,-24.726964291565526
13.48,-24.775307979693547
13.5,-24.821359252828916
13.52,-24.865119698747044
13.54,-24.906023064719808
13.56,-24.944639625830472
13.58,-24.980403730013307
13.6,-25.014452713106078
13.62,-25.046220778677494
13.64,-25.075709906022833
13.66,-25.103488868386204
13.68,-25.12899238823235
13.7,-25.15278880580538
13.72,-25.17487941896886
13.74,-25.195265476959133
13.76,-25.213948170519178
13.78,-25.230928622817594
13.8,-25.246207881147036
13.82,-25.260352650070487
13.84,-25.27336352552851
13.86,-25.284675511372157
13.88,-25.294854839190748
13.9,-25.303336548169817
13.92,-25.31125193118619
13.94,-25.318035866035164
13.96,-25.323688663758027
13.98,-25.328210585572705
14.0,-25.332167035677482
14.02,-25.334992938824392
14.04,-25.336688427545823
14.06,-25.337818731176817
14.08,-25.33838387633183
14.1,-25.33838387633183
14.12,-25.33725358158087
14.14,-25.335558106165752
14.16,-25.333862590848153
14.18,-25.331036643447508
14.2,-25.327645360760982
14.22,-25.324253919387157
14.24,-25.319731751392215
14.26,-25.315209302927716
14.28,-25.31068657493192
14.3,-25.30503277327614
14.32,-25.299378538152997
14.34,-25.293723871397
14.36,-25.287503241619866
14.38,-25.28128209423141
14.4,-25.274494800528718
14.42,-25.267706896910816
14.44,-25.260918386554692
14.46,-25.253563486001497
14.48,-25.246207881147036
14.5,-25.238851576036463
14.52,-25.231494574716972
14.54,-25.223570876263107
14.56,-25.21621244191182
14.58,-25.208287209605338
14.6,-25.20036118938342
14.62,-25.19300061238678
14.64,-25.1850730869272
14.66,-25.177144788400888
14.68,-25.169215721883255
14.7,-25.161852334032634
14.72,-25.153921800731315
14.74,-25.146557059642646
14.76,-25.13862507846309
14.78,-25.131259001699885
14.8,-25.123892288103153
14.82,-25.116524941750292
14.84,-25.109156966720533
14.86,-25.10178836709495
14.88,-25.094419146956426
14.9,-25.087616242686835
14.92,-25.080812816390676
14.94,-25.074008871283347
14.96,-25.06720441058151
14.98,-25.060399437503136
15.0,-25.054161098155497
15.02,-25.047922333454846
15.04,-25.041683145882637
15.06,-25.03544353792122
15.08,-25.029203512053822
15.1,-25.02353040070988
15.12,-25.017856947909024
15.14,-25.012183155518823
15.16,-25.007076453562764
15.18,-25.001402021100038
15.2,-24.996294746114863
15.22,-24.991187201814995
15.24,-24.986646937448228
15.26,-24.981538888163225
15.28,-24.976998177083733
15.3,-24.972457257283775
15.32,-24.967916129721953
15.34,-24.963942473429466
15.36,-24.95996865944587
15.38,-24.955994688413785
15.4,-24.95202056097597
15.42,-24.94804627777529
15.44,-24.944639625830472
15.46,-24.94123286032506
15.48,-24.937825981664137
15.5,-24.93441899025286
15.52,-24.93157974490706
15.54,-24.9281725478393
15.56,-24.92533313168073
15.58,-24.922493638255354
15.6,-24.919654067797822
15.62,-24.91738235612636
15.64,-24.91511059542468
15.66,-24.912270825781945
15.68,-24.90999895520175
15.7,-24.907727035981996
15.72,-24.906023064719808
15.74,-24.903751060670157
15.76,-24.902047025923636
15.78,-24.900342964054104
15.8,-24.898638875112308
15.82,-24.896934759148987
15.84,-24.8952306162149
15.86,-24.893526446360788
15.88,-24.89239031819422
15.9,-24.890686103586216
15.92,-24.889549945630716
15.94,-24.88841377578597
15.96,-24.887277594067026
15.98,-24.886141400488924
16.0,-24.885005195066707
16.02,-24.883868977815418
16.04,-24.88330086475858
16.06,-24.882164629791905
16.08,-24.88159650788584
16.1,-24.88102838303379
16.12,-24.87989212449927
16.14,-24.879323990820563
16.16,-24.878755854203405
16.18,-24.87818771464967
16.2,-24.877619572161237
16.22,-24.877619572161237
16.24,-24.87705142674
16.26,-24.876483278387823
16.28,-24.876483278387823
16.3,-24.87591512710661
16.32,-24.875346972898218
16.34,-24.875346972898218
16.36,-24.875346972898218
16.38,-24.874778815764547
16.4,-24.874778815764547
16.42,-24.874778815764547
16.44,-24.874778815764547
16.46,-24.874210655707472
16.48,-24.874210655707472
16.5,-24.874210655707472
16.52,-24.874210655707472
16.54,-24.874210655707472
16.56,-24.874210655707472
16.58,-24.874210655707472
16.6,-24.874210655707472
16.62,-24.874210655707472
16.64,-24.874210655707472
16.66,-24.874778815764547
16.68,-24.874778815764547
16.7,-24.874778815764547
16.72,-24.874778815764547
16.74,-24.874778815764547
16.76,-24.875346972898218
16.78,-24.875346972898218
16.8,-24.875346972898218
16.82,-24.875346972898218
16.84,-24.87591512710661
16.86,-24.87591512710661
16.88,-24.87591512710661
16.9,-24.876483278387823
16.92,-24.876483278387823
16.94,-24.876483278387823
16.96,-24.87705142674
16.98,-24.87705142674
17.0,-24.87705142674
17.02,-24.877619572161237
17.04,-24.877619572161237
17.06,-24.877619572161237
17.08,-24.87818771464967
17.1,-24.87818771464967
17.12,-24.87818771464967
17.14,-24.878755854203405
17.16,-24.878755854203405
17.18,-24.878755854203405
17.2,-24.879323990820563
17.22,-24.879323990820563
17.24,-24.879323990820563
17.26,-24.87989212449927
17.28,-24.87989212449927
17.3,-24.87989212449927
17.32,-24.88046025523764
17.34,-24.88046025523764
17.36,-24.88046025523764
17.38,-24.88102838303379
17.4,-24.88102838303379
17.42,-24.88102838303379
17.44,-24.88102838303379
17.46,-24.88159650788584
17.48,-24.88159650788584
17.5,-24.88159650788584
17.52,-24.882164629791905
17.54,-24.882164629791905
17.56,-24.882164629791905
17.58,-24.882164629791905
17.6,-24.88273274875011
17.62,-24.88273274875011
17.64,-24.88273274875011
17.66,-24.88273274875011
17.68,-24.88330086475858
17.7,-24.88330086475858
17.72,-24.88330086475858
17.74,-24.88330086475858
17.76,-24.88330086475858
17.78,-24.883868977815418
17.8,-24.883868977815418
17.82,-24.883868977815418
17.84,-24.883868977815418
17.86,-24.883868977815418
17.88,-24.883868977815418
17.9,-24.884437087918755
17.92,-24.884437087918755
17.94,-24.884437087918755
17.96,-24.884437087918755
17.98,-24.884437087918755
18.0,-42.80279528908359
18.02,-42.81617976237679
18.04,-42.85284572917257
18.06,-42.909030449617
18.08,-42.98091167383103
18.1,-43.065504639181896
18.12,-43.16021382305355
18.14,-43.26284849634102
18.16,-43.37139937279377
18.18,-43.48426817887742
18.2,-43.60014404828822
18.22,-43.717884891631286
18.24,-43.83672412415792
18.26,-43.95562086420107
18.28,-44.0741070701875
18.3,-44.1916396033783
18.32,-44.30770751438289
18.34,-44.4220272097437
18.36,-44.534333181165
18.38,-44.644377438794606
18.4,-44.75192885417449
18.42,-44.85695619072443
18.44,-44.959251170943126
18.46,-45.05888756968746
18.48,-45.15567369449023
18.5,-45.24960428777076
18.52,-45.34076163542602
18.54,-45.429057490913685
18.56,-45.51465859287337
18.58,-45.59739801406297
18.6,-45.6773608479717
18.62,-45.75470824954176
18.64,-45.829359381787306
18.66,-45.90139318828047
18.68,-45.97088549665575
18.7,-46.0379091197663
18.72,-46.102533952494056
18.74,-46.164753612087765
18.76,-46.224634994261905
18.78,-46.28231393644524
18.8,-46.33777839108779
18.82,-46.3911573309213
18.84,-46.442435235864195
18.86,-46.491734662122276
18.88,-46.539104931836185
18.9,-46.58459319128402
18.92,-46.62831132329975
18.94,-46.67016803801482
18.96,-46.710403166353814
18.98,-46.74892226511466
19.0,-46.78589191013233
19.02,-46.821280562811914
19.04,-46.855184345582124
19.06,-46.88763281495044
19.08,-46.91871682740377
19.1,-46.94839962673628
19.12,-46.976830487164705
19.14,-47.003969841664684
19.16,-47.02990079758263
19.18,-47.05464317290894
19.2,-47.07827622998993
19.22,-47.10075677077971
19.24,-47.12222138684623
19.26,-47.14268440570901
19.28,-47.162100199974326
19.3,-47.18060041465127
19.32,-47.198196481424574
19.34,-47.21489923824418
19.36,-47.230777203584616
19.38,-47.24583942327282
19.4,-47.26003660725476
19.42,-47.273550371244866
19.44,-47.286329728421634
19.46,-47.29838134037229
19.48,-47.30971147436399
19.5,-47.320439991954146
19.52,-47.33051468970852
19.54,-47.340053774317305
19.56,-47.34894778114387
19.58,-47.3573138533136
19.6,-47.365098871842775
19.62,-47.372418686370544
19.64,-47.37921965293273
19.66,-47.38556046117905
19.68,-47.391443282377914
19.7,-47.396870128452065
19.72,-47.401954527946096
19.74,-47.40658624412947
19.76,-47.41082256783109
19.78,-47.41472041901113
19.8,-47.41828079401915
19.82,-47.42144904172627
19.84,-47.424337146805684
19.86,-47.42694572343418
19.88,-47.42927532602502
19.9,-47.43127102777764
19.92,-47.43304413259125
19.94,-47.43453956613472
19.96,-47.43586836141775
19.98,-47.43692000475595
20.0,-47.43775005005455
20.02,-47.438413959619176
20.04,-47.43885650345173
20.06,-47.43913306794192
20.08,-47.43918837849503
20.1,-47.43913306794192
20.12,-47.438967131592776
20.14,-47.43857991941942
20.16,-47.43808201891025
20.18,-47.43747338783856
20.2,-47.436753974580576
20.22,-47.43592371810746
20.24,-47.43498254797585
20.26,-47.43398576839574
20.28,-47.432877938079855
20.3,-47.43165896298472
20.32,-47.430384174590216
20.34,-47.429053518693415
20.36,-47.427666938700426
20.38,-47.42616888183797
20.4,-47.42467025310022
20.42,-47.423115515300154
20.44,-47.42150460223331
20.46,-47.41989302857191
20.48,-47.41822518793303
20.5,-47.41655663970956
20.52,-47.414831729505806
20.54,-47.41310606304499
20.56,-47.411323936295666
20.58,-47.4095967318067
20.6,-47.4078130166412
20.62,-47.4060284940679
20.64,-47.40424316368695
20.66,-47.402457025098386
20.68,-47.40072593224562
20.7,-47.39893820132889
20.72,-47.397149661016286
20.74,-47.395416240359836
20.76,-47.39368205936418
20.78,-47.391947117664934
20.8,-47.39021141489759
20.82,-47.38853097756046
20.84,-47.386849826792385
20.86,-47.38516796226268
20.88,-47.383541481102945
20.9,-47.38191433236462
20.92,-47.38034265847748
20.94,-47.37877036170995
20.96,-47.37725362823735
20.98,-47.375736315089426
21.0,-47.37421842202458
21.02,-47.37275619889877
21.04,-47.371349707582695
21.06,-47.36994271848265
21.08,-47.36859154045324
21.1,-47.36723990331927
21.12,-47.36588780691082
21.14,-47.364647981598
21.16,-47.36335138766482
21.18,-47.362167172265465
21.2,-47.36092618798372
21.22,-47.35979768499195
21.24,-47.35866886240991
21.26,-47.35753972013909
21.28,-47.35646673878033
21.3,-47.35544996382515
21.32,-47.35443292969456
21.34,-47.35347215941791
21.36,-47.35251115783853
21.38,-47.35160647441572
21.4,-47.35070158599775
21.42,-47.34985306688373
21.44,-47.34900436751216
21.46,-47.34821208542958
21.48,-47.347419646252526
21.5,-47.34668366918054
21.52,-47.34594755659833
21.54,-47.345211308478774
21.56,-47.34458822341709
21.58,-47.34390838354197
21.6,-47.343285095481555
21.62,-47.342661710309386
21.64,-47.34209491223214
21.66,-47.34158472532051
21.68,-47.34101777469389
21.7,-47.34050745046774
21.72,-47.340053774317305
21.74,-47.339543327196786
21.76,-47.33914626778022
21.78,-47.33869243738092
21.8,-47.33829529359393
21.82,-47.337898110427425
21.84,-47.337557636367166
21.86,-47.33721713336922
21.88,-47.33687660143093
21.9,-47.33653604054961
21.92,-47.336252217704
21.94,-47.33596837475566
21.96,-47.33568451170305
21.98,-47.335457406784855
22.0,-47.33523028899814
22.02,-47.335003158342126
22.04,-47.33477601481601
22.06,-47.334605648724946
22.08,-47.33437848267426
22.1,-47.33420809968886
22.12,-47.33409450700917
22.14,-47.33392411195527
22.16,-47.333810511229615
22.18,-47.33364010410629
22.2,-47.33352649533403
22.22,-47.333412883342966
22.24,-47.33335607614035
22.26,-47.33324245932088
22.28,-47.333185649704006
22.3,-47.333072028055916
22.32,-47.33301521602468
22.34,-47.33295840318862
22.36,-47.33290158954774
22.38,-47.33284477510202
22.4,-47.33284477510202
22.42,-47.332787959851444
22.44,-47.332787959851444
22.46,-47.33273114379601
22.48,-47.33273114379601
22.5,-47.33273114379601
22.52,-47.33273114379601
22.54,-47.33273114379601
22.56,-47.33273114379601
22.58,-47.33273114379601
22.6,-47.33273114379601
22.62,-47.33273114379601
22.64,-47.33273114379601
22.66,-47.332787959851444
22.68,-47.332787959851444
22.7,-47.33284477510202
22.72,-47.33284477510202
22.74,-47.33290158954774
22.76,-47.33290158954774
22.78,-47.33295840318862
22.8,-47.33295840318862
22.82,-47.33301521602468
22.84,-47.333072028055916
22.86,-47.333072028055916
22.88,-47.33312883928236
22.9,-47.333185649704006
22.92,-47.333185649704006
22.94,-47.33324245932088
22.96,-47.33329926813299
22.98,-47.33335607614035
23.0,-47.333412883342966
23.02,-47.333412883342966
23.04,-47.33346968974086
23.06,-47.33352649533403
23.08,-47.333583300122505
23.1,-47.33364010410629
23.12,-47.33364010410629
23.14,-47.333696907285386
23.16,-47.333753709659824
23.18,-47.333810511229615
23.2,-47.33386731199476
23.22,-47.33386731199476
23.24,-47.33392411195527
23.26,-47.33398091111117
23.28,-47.33403770946247
23.3,-47.33403770946247
23.32,-47.33409450700917
23.34,-47.3341513037513
23.36,-47.33420809968886
23.38,-47.33420809968886
23.4,-47.334264894821864
23.42,-47.33432168915033
23.44,-47.33432168915033
23.46,-47.33437848267426
23.48,-47.33443527539368
23.5,-47.33443527539368
23.52,-47.33449206730859
23.54,-47.33454885841901
23.56,-47.33454885841901
23.58,-47.334605648724946
23.6,-47.334605648724946
23.62,-47.334662438226424
23.64,-47.334662438226424
23.66,-47.33471922692344
23.68,-47.33471922692344
23.7,-47.33477601481601
23.72,-47.33477601481601
23.74,-47.334832801904156
23.76,-47.334832801904156
23.78,-47.33488958818788
23.8,-47.33488958818788
23.82,-47.3349463736672
23.84,-47.3349463736672
23.86,-47.3349463736672
23.88,-47.335003158342126
23.9,-47.335003158342126
23.92,-47.335059942212666
23.94,-47.335059942212666
23.96,-47.335059942212666
23.98,-47.335116725278844
24.0,-37.04683251122629
24.02,-37.02257921260933
24.04,-36.95457911730947
24.06,-36.848027809166844
24.08,-36.70653660370863
24.1,-36.53220840640609
24.12,-36.32648071430002
24.14,-36.0902438052209
24.16,-35.823266929290796
24.18,-35.525414909075124
24.2,-35.19584797572124
24.22,-34.83342702929597
24.24,-34.43754943180723
24.26,-34.00664534563109
24.28,-33.54010866344332
24.3,-33.036313071122756
24.32,-32.495523261972146
24.34,-31.91705803585772
24.36,-31.30217847663679
24.38,-30.65154580053595
24.4,-29.967629220018907
24.42,-29.25356411444533
24.44,-28.512536592352802
24.46,-27.750166925311095
24.48,-26.971409192863266
24.5,-26.182347067580874
24.52,-25.388346430266157
24.54,-24.596606576040536
24.56,-23.81254860426097
24.58,-23.041846945543735
24.6,-22.290259709607618
24.62,-21.56063120470359
24.64,-20.857957455819548
24.66,-20.184772657186837
24.68,-19.542369465685137
24.7,-18.932971787375294
24.72,-18.356593614909446
24.74,-17.813271256350216
24.76,-17.303065610584298
24.78,-16.82517165038977
24.8,-16.378085626452574
24.82,-15.960986609432332
24.84,-15.572064132721637
24.86,-15.209862508497714
24.88,-14.873241465004298
24.9,-14.559959229174911
24.92,-14.268570917531912
24.94,-13.997985065622947
24.96,-13.746501905678256
24.98,-13.512535527257167
25.0,-13.295178563207617
25.02,-13.092736024752547
25.04,-12.904453613225405
25.06,-12.729102475300259
25.08,-12.565558518277157
25.1,-12.413270438181037
25.12,-12.271026703146948
25.14,-12.13840240847464
25.16,-12.014346140280372
25.18,-11.898328821343167
25.2,-11.790072496093828
25.22,-11.688511718402687
25.24,-11.593467114228472
25.26,-11.50458084753508
25.28,-11.421336848280882
25.3,-11.343076217957396
25.32,-11.26992421138324
25.34,-11.201282350353202
25.36,-11.136951135284388
25.38,-11.07657414020306
25.4,-11.019993316413347
25.42,-10.966894605468866
25.44,-10.917153346437537
25.46,-10.87065611255789
25.48,-10.826970653996941
25.5,-10.786176118741079
25.52,-10.748030084157318
25.54,-10.712303081285263
25.56,-10.67893600156947
25.58,-10.647875096479789
25.6,-10.619071623202638
25.62,-10.592169636649833
25.64,-10.567134607214117
25.66,-10.543935149509785
25.68,-10.522542832818596
25.7,-10.502626253311076
25.72,-10.484470521045122
25.74,-10.467751246344477
25.76,-10.452301551435047
25.78,-10.43841024269214
25.8,-10.42561229693914
25.82,-10.414198727841105
25.84,-10.40371046161166
25.86,-10.394589464856422
25.88,-10.386231362694245
25.9,-10.379078827154272
25.92,-10.372829049858886
25.94,-10.367329976834474
25.96,-10.362875842451013
25.98,-10.359018891864745
26.0,-10.356054084389694
26.02,-10.353831661125954
26.04,-10.352202526830782
26.06,-10.351166087762412
26.08,-10.350870002671611
26.1,-10.351018042975747
26.12,-10.351758311746478
26.14,-10.353091078175003
26.16,-10.354720508977433
26.18,-10.356943337279004
26.2,-10.359463768644787
26.22,-10.362430653571495
26.24,-10.36584481125337
26.26,-10.369409973066796
26.28,-10.373423918578704
26.3,-10.377738907991967
26.32,-10.382206754132929
26.34,-10.386977030345575
26.36,-10.391901343192787
26.38,-10.397129632935606
26.4,-10.402513272322949
26.42,-10.408052795541632
26.44,-10.41389874171738
26.46,-10.41960172549951
26.48,-10.42561229693914
26.5,-10.43163052807527
26.52,-10.437807205380272
26.54,-10.444142964587774
26.56,-10.450336146073504
26.58,-10.456688900897094
26.6,-10.463050323728353
26.62,-10.469420460195105
26.64,-10.475951341573701
26.66,-10.482339252562811
26.68,-10.488736015411744
26.7,-10.495141675916951
26.72,-10.501556279917008
26.74,-10.50797987329271
26.76,-10.514259238787721
26.78,-10.52054725721035
26.8,-10.526843971358456
26.82,-10.532995528234553
26.84,-10.53915544241301
26.86,-10.545169443298922
26.88,-10.55103695243109
26.9,-10.557066822290729
26.92,-10.562794948189678
26.94,-10.568530389593485
26.96,-10.574273178174032
26.98,-10.579712336591621
27.0,-10.585313816202667
27.02,-10.590610569009199
27.04,-10.59591362870256
27.06,-10.601066770784852
27.08,-10.606069474600737
27.1,-10.611077828822625
27.12,-10.615935079730441
27.14,-10.620640730156477
27.16,-10.625194296101519
27.18,-10.629752567274107
27.2,-10.63415813576288
27.22,-10.63841054320771
27.24,-10.64266706791231
27.26,-10.646769846511612
27.28,-10.650718447641816
27.3,-10.654512454519814
27.32,-10.658309751699974
27.34,-10.661951923780423
27.36,-10.665438582790507
27.38,-10.668928027730296
27.4,-10.672261466599508
27.42,-10.675438541364903
27.44,-10.678617934543299
27.46,-10.681640510121026
27.48,-10.684505941032667
27.5,-10.687373261594106
27.52,-10.690083025006421
27.54,-10.692634936107034
27.56,-10.695188348570477
27.58,-10.697583538616431
27.6,-10.699820243823922
27.62,-10.702217995540632
27.64,-10.704297121282073
27.66,-10.706377246017123
27.68,-10.708298249049472
27.7,-10.710220105591258
27.72,-10.712142816744986
27.74,-10.713745729663934
27.76,-10.715509620991178
27.78,-10.717113783905441
27.8,-10.718558040283035
27.82,-10.720002780069104
27.84,-10.721448003729408
27.86,-10.722733053575022
27.88,-10.724018486436348
27.9,-10.725143554639889
27.92,-10.726268916559732
27.94,-10.727394572415214
27.96,-10.728359654406404
27.98,-10.729324952649646
28.0,-10.730129533144583
28.02,-10.730934263990495
28.04,-10.73173914526737
28.06,-10.732544177055205
28.08,-10.733188310907124
28.1,-10.733832541178229
28.12,-10.734476867909484
28.14,-10.734960176284549
28.16,-10.735604671919667
28.18,-10.73608810701969
28.2,-10.73641042727392
28.22,-10.736893952949401
28.24,-10.737216333603282
28.26,-10.73753873842599
28.28,-10.737861167422647
28.3,-10.738183620598377
28.32,-10.738344856254997
28.34,-10.738667345708947
28.36,-10.73882859950756
28.38,-10.738989859354785
28.4,-10.739151125251261
28.42,-10.739312397197631
28.44,-10.739312397197631
28.46,-10.739473675194535
28.48,-10.739473675194535
28.5,-10.739473675194535
28.52,-10.739634959242613
28.54,-10.739634959242613
28.56,-10.739634959242613
28.58,-10.739473675194535
28.6,-10.739473675194535
28.62,-10.739473675194535
28.64,-10.739473675194535
28.66,-10.739312397197631
28.68,-10.739312397197631
28.7,-10.739151125251261
28.72,-10.738989859354785
28.74,-10.738989859354785
28.76,-10.73882859950756
28.78,-10.738667345708947
28.8,-10.738506097958307
28.82,-10.738506097958307
28.84,-10.738344856254997
28.86,-10.738183620598377
28.88,-10.738022390987808
28.9,-10.737861167422647
28.92,-10.737699949902254
28.94,-10.73753873842599
28.96,-10.737377532993213
28.98,-10.737216333603282
29.0,-10.73705514025556
29.02,-10.736893952949401
29.04,-10.736732771684169
29.06,-10.736571596459223
29.08,-10.73641042727392
29.1,-10.736249264127624
29.12,-10.73608810701969
29.14,-10.735926955949479
29.16,-10.735604671919667
29.18,-10.735443538958785
29.2,-10.735282412033063
29.22,-10.735121291141866
29.24,-10.734960176284549
29.26,-10.734799067460473
29.28,-10.734637964668998
29.3,-10.734476867909484
29.32,-10.73431577718129
29.34,-10.734154692483775
29.36,-10.733993613816303
29.38,-10.733832541178229
29.4,-10.733671474568913
29.42,-10.733671474568913
29.44,-10.733510413987718
29.46,-10.733349359434001
29.48,-10.733188310907124
29.5,-10.733027268406447
29.52,-10.732866231931327
29.54,-10.732705201481126
29.56,-10.732705201481126
29.58,-10.732544177055205
29.6,-10.73238315865292
29.62,-10.732222146273635
29.64,-10.732222146273635
29.66,-10.73206113991671
29.68,-10.7319001395815
29.7,-10.7319001395815
29.72,-10.73173914526737
29.74,-10.731578156973677
29.76,-10.731578156973677
29.78,-10.731417174699786
29.8,-10.731417174699786
29.82,-10.731256198445049
29.84,-10.731095228208833
29.86,-10.731095228208833
29.88,-10.730934263990495
29.9,-10.730934263990495
29.92,-10.730773305789395
29.94,-10.730773305789395
29.96,-10.730773305789395
29.98,-10.730612353604894
30.0,21.083099874328397
30.02,21.09484794359846
30.04,21.126889369597777
30.06,21.175279664098287
30.08,21.236635619183964
30.1,21.307625538323805
30.12,21.385798074714916
30.14,21.468934467008346
30.16,21.55523984672632
30.18,21.6433443703901
30.2,21.73214767715257
30.22,21.820799695411328
30.24,21.908649088807973
30.26,21.995210558970548
30.28,22.080128568395374
30.3,22.16313872151107
30.32,22.24406183842605
30.34,22.322779436603515
30.36,22.39921306845093
30.38,22.47333338492428
30.4,22.54512538949986
30.42,22.614605348584814
30.44,22.68180580068228
30.46,22.746762656402232
30.48,22.80954075861396
30.5,22.87015853176917
30.52,22.928693216151686
30.54,22.985205628224744
30.56,23.039751186170268
30.58,23.092428180993863
30.6,23.143279735799503
30.62,23.192344511227205
30.64,23.239748801593333
30.66,23.285428433140236
30.68,23.329544252012514
30.7,23.372114044220524
30.72,23.41319628579392
30.74,23.45284459755538
30.76,23.491065161397373
30.78,23.527946802211286
30.8,23.563530754334575
30.82,23.597854812770183
30.84,23.630912035383183
30.86,23.662817630904442
30.88,23.693558804974078
30.9,23.72316223449687
30.92,23.75169289959137
30.94,23.779132256226884
30.96,23.805581099123724
30.98,23.831017267806196
31.0,23.855497352881187
31.02,23.879036355436373
31.04,23.901648093726397
31.06,23.923345300197475
31.08,23.944217890824937
31.1,23.964236931688966
31.12,23.983450908287136
31.14,24.001868388926106
31.16,24.019497308380974
31.18,24.036383516775675
31.2,24.052571931663454
31.22,24.068030011755035
31.24,24.08280160975154
31.26,24.096929846736952
31.28,24.11038105327284
31.3,24.123235533664424
31.32,24.135496887483285
31.34,24.147130611665766
31.36,24.15825342844211
31.38,24.168792414651136
31.4,24.178787990537018
31.42,24.188280183500858
31.44,24.197271073276816
31.46,24.205800151804393
31.48,24.21383159336142
31.5,24.22144202783754
31.52,24.228595369468312
31.54,24.2353303799028
31.56,24.241685593764494
31.58,24.247662005753693
31.6,24.253223233209365
31.62,24.25844478272423
31.64,24.263327373399466
31.66,24.267871672896494
31.68,24.272078298563525
31.7,24.27598501579217
31.72,24.279592291825
31.74,24.28293771925896
31.76,24.285984497110338
31.78,24.28880725456645
31.8,24.291369118992655
31.82,24.293670353307093
31.84,24.29574829409309
31.86,24.29760312322683
31.88,24.299272086794872
31.9,24.30075530605688
31.92,24.302015817810428
31.94,24.303127862834945
31.96,24.30405444450842
31.98,24.304795629717507
32.0,24.30542558117865
32.02,24.305870221849602
32.04,24.306203685550933
32.06,24.306388936941495
32.08,24.306463036253664
32.1,24.30642598668644
32.12,24.30627778664035
32.14,24.306018429716772
32.16,24.30564790471497
32.18,24.305240306674033
32.2,24.30468445647489
32.22,24.304091505460054
32.24,24.303424381083488
32.26,24.302683064078153
32.28,24.301867533015507
32.3,24.301014840047728
32.32,24.300087892761194
32.34,24.2991237491435
32.36,24.29812239515833
32.38,24.29704672150815
32.4,24.29597089724129
32.42,24.294857816945093
32.44,24.293707464328612
32.46,24.292519822530902
32.48,24.291331996645418
32.5,24.290106858198946
32.52,24.288881523580027
32.54,24.287618852214106
32.56,24.286355972165932
32.58,24.28509288321069
32.6,24.28382958512267
32.62,24.28252891251983
32.64,24.281265189317782
32.66,24.28000125629374
32.68,24.27869992935751
32.7,24.277435569812408
32.72,24.276170999747873
32.74,24.274906218931882
32.76,24.273641227131503
32.78,24.272413238983383
32.8,24.271185051644316
32.82,24.269956664898892
32.84,24.268765311355853
32.86,24.2675737699074
32.88,24.26638204035494
32.9,24.26522737278446
32.92,24.264109784124408
32.94,24.262992029627775
32.96,24.26187410912865
32.98,24.26079329469511
33.0,24.259712324835064
33.02,24.258668482176226
33.04,24.257661782128302
33.06,24.25665494697164
33.08,24.255685274195546
33.1,24.254715475908757
33.12,24.2537828590905
33.14,24.25285012602952
33.16,24.251954592837986
33.18,24.251096272835934
33.2,24.250237854204222
33.22,24.249416665759604
33.24,24.24859538693621
33.26,24.247811354595743
33.28,24.247064580455802
33.3,24.246317731460703
33.32,24.245570807558806
33.34,24.24489851195901
33.36,24.24422615560498
33.38,24.243553738458836
33.4,24.242918621966687
33.42,24.242320815674272
33.44,24.241722961263463
33.46,24.241125058707468
33.48,24.240564481311747
33.5,24.240041237523943
33.52,24.239517956817096
33.54,24.23903202023018
33.56,24.238546051779938
33.58,24.238097437224575
33.6,24.23764879549561
33.62,24.2372001265816
33.64,24.236788822852674
33.66,24.236414890533624
33.68,24.236040939314176
33.7,24.235666969187676
33.72,24.2353303799028
33.74,24.23499377529296
33.76,24.234694558325998
33.78,24.234395329243164
33.8,24.234096088041035
33.82,24.233834242044875
33.84,24.233572386764962
33.86,24.233310522199
33.88,24.23308605946407
33.9,24.2328615899036
33.92,24.232637113516137
33.94,24.232450044643812
33.96,24.23226297102867
33.98,24.23207589266988
34.0,24.23188880956659
34.02,24.23173913966736
34.04,24.231589466730686
34.06,24.23143979075613
34.08,24.23132753178135
34.1,24.231215271097337
34.12,24.231103008703915
34.14,24.230990744600895
34.16,24.2308784787881
34.18,24.23080363396294
34.2,24.23069136530011
34.22,24.230616518574756
34.24,24.23054167108923
34.26,24.23050424706139
34.28,24.230429398435508
34.3,24.230391973837452
34.32,24.230354549049316
34.34,24.23027969890277
34.36,24.230242273544345
34.38,24.230242273544345
34.4,24.230204847995807
34.42,24.230167422257153
34.44,24.230167422257153
34.46,24.230129996328376
34.48,24.230129996328376
34.5,24.230129996328376
34.52,24.230129996328376
34.54,24.230129996328376
34.56,24.230129996328376
34.58,24.230129996328376
34.6,24.230129996328376
34.62,24.230129996328376
34.64,24.230167422257153
34.66,24.230167422257153
34.68,24.230167422257153
34.7,24.230204847995807
34.72,24.230204847995807
34.74,24.230242273544345
34.76,24.230242273544345
34.78,24.23027969890277
34.8,24.230317124071092
34.82,24.230317124071092
34.84,24.230354549049316
34.86,24.230391973837452
34.88,24.230429398435508
34.9,24.230429398435508
34.92,24.230466822843482
34.94,24.23050424706139
34.96,24.23054167108923
34.98,24.23057909492702
35.0,24.23057909492702
35.02,24.230616518574756
35.04,24.23065394203245
35.06,24.23069136530011
35.08,24.23072878837774
35.1,24.230766211265344
35.12,24.23080363396294
35.14,24.23084105647052
35.16,24.23084105647052
35.18,24.2308784787881
35.2,24.230915900915683
35.22,24.23095332285328
35.24,24.230990744600895
35.26,24.231028166158534
35.28,24.231028166158534
35.3,24.231065587526203
35.32,24.231103008703915
35.34,24.231140429691667
35.36,24.231177850489473
35.38,24.231177850489473
35.4,24.231215271097337
35.42,24.231252691515266
35.44,24.231290111743267
35.46,24.231290111743267
35.48,24.23132753178135
35.5,24.231364951629516
35.52,24.231364951629516
35.54,24.231402371287775
35.56,24.23143979075613
35.58,24.23143979075613
35.6,24.231477210034594
35.62,24.23151462912317
35.64,24.23151462912317
35.66,24.231552048021864
35.68,24.231552048021864
35.7,24.231589466730686
35.72,24.231589466730686
35.74,24.231626885249636
35.76,24.231626885249636
35.78,24.23166430357873
35.8,24.23166430357873
35.82,24.231701721717968
35.84,24.231701721717968
35.86,24.23173913966736
35.88,24.23173913966736
35.9,24.23173913966736
35.92,24.23177655742691
35.94,24.23177655742691
35.96,24.23181397499663
35.98,24.23181397499663
36.0,-15.743244549052195
36.02,-15.829851096382237
36.04,-16.075326642972332
36.06,-16.469016203384534
36.08,-17.00724318655992
36.1,-17.690698649719515
36.12,-18.521279993819324
36.14,-19.499849467188856
36.16,-20.62103443817894
36.18,-21.87492648459004
36.2,-23.24006482214596
36.22,-24.68749035354487
36.24,-26.178823889495984
36.26,-27.673078097419268
36.28,-29.12911275724363
36.3,-30.51310085867332
36.32,-31.79999924413594
36.34,-32.975138711448665
36.36,-34.03535906366844
36.38,-34.98416267591059
36.4,-35.8303265474107
36.42,-36.58500944840269
36.44,-37.260083945911944
36.46,-37.866886091107624
36.48,-38.41560406581149
36.5,-38.91496267772134
36.52,-39.37254588115739
36.54,-39.79402898158728
36.56,-40.184688982208144
36.58,-40.5484512423907
36.6,-40.88859975915524
36.62,-41.20762761200203
36.64,-41.507669061848084
36.66,-41.79071165881591
36.68,-42.05789498116446
36.7,-42.31063321295812
36.72,-42.54988699626179
36.74,-42.77658627541286
36.76,-42.99153555646494
36.78,-43.195440015283566
36.8,-43.388925339997265
36.82,-43.57255280961095
36.84,-43.74683076469408
36.86,-43.912322124663255
36.88,-44.069447245236056
36.9,-44.21859480774233
36.92,-44.3602185431538
36.94,-44.49464936727655
36.96,-44.62228583741682
36.98,-44.74341265270758
37.0,-44.858469138603475
37.02,-44.9676125581388
37.04,-45.07124119447991
37.06,-45.16948295472017
37.08,-45.2627812904341
37.1,-45.35131475943077
37.12,-45.435251585642135
37.14,-45.5148274831649
37.16,-45.59034103752984
37.18,-45.661848448505474
37.2,-45.729699667117856
37.22,-45.79393236785228
37.24,-45.85472654647981
37.26,-45.91232459896353
37.28,-45.966885854652745
37.3,-46.01842054965734
37.32,-46.067146390647814
37.34,-46.11327126211608
37.36,-46.156788089406795
37.38,-46.19789267415958
37.4,-46.23663768505342
37.42,-46.27320672758258
37.44,-46.307576628229654
37.46,-46.33998803534303
37.48,-46.370476508209705
37.5,-46.39914075728179
37.52,-46.42601081789503
37.54,-46.45117943592815
37.56,-46.47473615225465
37.58,-46.49683164981702
37.6,-46.51742139213219
37.62,-46.536587654917376
37.64,-46.55447365953956
37.66,-46.57103033821369
37.68,-46.58639704850019
37.7,-46.600647831015266
37.72,-46.6137301131011
37.74,-46.6257782122801
37.76,-46.63686220041923
37.78,-46.64692680416484
37.8,-46.65610245418075
37.82,-46.66439437883418
37.84,-46.67186902026055
37.86,-46.67859195798887
37.88,-46.68450491273399
37.9,-46.68973396733188
37.92,-46.69428145191667
37.94,-46.69821076069084
37.96,-46.701523483383546
37.98,-46.70422095945636
38.0,-46.706426797585145
38.02,-46.70808047502348
38.04,-46.70924381383577
38.06,-46.70991718984223
38.08,-46.71016202913266
38.1,-46.7100396111348
38.12,-46.70948868937095
38.14,-46.70857033814559
38.16,-46.7073455814518
38.18,-46.70575290486666
38.2,-46.70391450852058
38.22,-46.701768774490915
38.24,-46.69937662283662
38.26,-46.69673766651952
38.28,-46.6938514783908
38.3,-46.690779060519844
38.32,-46.6874585259287
38.34,-46.68401245830439
38.36,-46.68044057725717
38.38,-46.67668093359602
38.4,-46.67273306913082
38.42,-46.66872003606891
38.44,-46.66464166908712
38.46,-46.66037404500936
38.48,-46.65610245418075
38.5,-46.65170290415105
38.52,-46.64729914574317
38.54,-46.64276694548172
38.56,-46.63829246347174
38.58,-46.633689166694005
38.6,-46.62908127959096
38.62,-46.62446879735911
38.64,-46.619851715191935
38.66,-46.61523002828001
38.68,-46.61060373181094
38.7,-46.606035431623766
38.72,-46.6013999640451
38.74,-46.59682260730116
38.76,-46.592303541778776
38.78,-46.58778008992392
38.8,-46.58331516407942
38.82,-46.5789089404741
38.84,-46.57449855839017
38.86,-46.570147107983104
38.88,-46.56585476126013
38.9,-46.56162168801178
38.92,-46.55751132035688
38.94,-46.55339734995601
38.96,-46.549343148179645
38.98,-46.54534887583212
39.0,-46.54147817212334
39.02,-46.53766781620823
39.04,-46.53385437699459
39.06,-46.53022875147528
39.08,-46.52660033871589
39.1,-46.523032865846346
39.12,-46.51959025082097
39.14,-46.51620894973812
39.16,-46.51295296284285
39.18,-46.509694736136986
39.2,-46.50656217176366
39.22,-46.503491529761014
39.24,-46.50054696556664
39.26,-46.49760057426754
39.28,-46.494780576183146
39.3,-46.492087198455785
39.32,-46.48939229475738
39.34,-46.48682430028522
39.36,-46.48431917152692
39.38,-46.481877009121156
39.4,-46.47949791121431
39.42,-46.47724632024305
39.44,-46.4750580424559
39.46,-46.47286876095587
39.48,-46.47080734340839
39.5,-46.46887395623753
39.52,-46.46693978658427
39.54,-46.46506934515267
39.56,-46.463262707333826
39.58,-46.46158450400364
39.6,-46.45990571201756
39.62,-46.45835553521681
39.64,-46.456804856490606
39.66,-46.45531831823219
39.68,-46.45396064132472
39.7,-46.45260257976718
39.72,-46.45130883009372
39.74,-46.450079444562874
39.76,-46.4489144728427
39.78,-46.44774921821606
39.8,-46.446713198766794
39.82,-46.4456769556809
39.84,-46.44470527463621
39.86,-46.44379819491546
39.88,-46.4428909438659
39.9,-46.44204834302441
39.92,-46.44127042646474
39.94,-46.44055722564867
39.96,-46.439843918989844
39.98,-46.43913050647211
40.0,-46.438546726571914
40.02,-46.437962875787825
40.04,-46.43737895411099
40.06,-46.436859853098404
40.08,-46.436340696058586
40.1,-46.43588638768401
40.12,-46.435496946357254
40.14,-46.435107473505994
40.16,-46.43471796912761
40.18,-46.434393358060504
40.2,-46.434068725096225
40.22,-46.43380900295781
40.24,-46.433549266803446
40.26,-46.433289516632364
40.28,-46.433094694805106
40.3,-46.43289986509268
40.32,-46.432705027494755
40.34,-46.432510182011
40.36,-46.43238028064065
40.38,-46.43225037576525
40.4,-46.43218542201313
40.42,-46.4321204673847
40.44,-46.43199055549889
40.46,-46.43199055549889
40.48,-46.43192559824149
40.5,-46.43192559824149
40.52,-46.43186064010774
40.54,-46.43186064010774
40.56,-46.43186064010774
40.58,-46.43186064010774
40.6,-46.43192559824149
40.62,-46.43192559824149
40.64,-46.43199055549889
40.66,-46.43205551187996
40.68,-46.4321204673847
40.7,-46.43218542201313
40.72,-46.43225037576525
40.74,-46.43231532864109
40.76,-46.43238028064065
40.78,-46.432510182011
40.8,-46.43257513138181
40.82,-46.432640079876386
40.84,-46.43276997423692
40.86,-46.43289986509268
40.88,-46.432964809206304
40.9,-46.433094694805106
40.92,-46.433224576899384
40.94,-46.433289516632364
40.96,-46.43341939347004
40.98,-46.433549266803446
41.0,-46.43367913663267
41.02,-46.43380900295781
41.04,-46.43387393480638
41.06,-46.43400379587557
41.08,-46.434133653440924
41.1,-46.43426350750254
41.12,-46.434393358060504
41.14,-46.43452320511493
41.16,-46.43465304866589
41.18,-46.43471796912761
41.2,-46.43484780742358
41.22,-46.434977642216346
41.24,-46.435107473505994
41.26,-46.43523730129264
41.28,-46.435302213872355
41.3,-46.43543203640465
41.32,-46.43556185543418
41.34,-46.43569167096103
41.36,-46.435756577410984
41.38,-46.43588638768401
41.4,-46.4360161944546
41.42,-46.436081096526515
41.44,-46.43621089804365
41.46,-46.43627579748888
41.48,-46.43640559375277
41.5,-46.43647049057143
41.52,-46.43660028158229
41.54,-46.4366651757745
41.56,-46.43673006909125
41.58,-46.436859853098404
41.6,-46.436924743788836
41.62,-46.436989633603865
41.64,-46.437119410607714
41.66,-46.43718429779657
41.68,-46.43724918411006
41.7,-46.437314069548194
41.72,-46.43737895411099
41.74,-46.43750872061061
41.76,-46.43757360254745
41.78,-46.43763848360901
41.8,-46.437703363795286
41.82,-46.43776824310629
41.84,-46.43783312154204
41.86,-46.43789799910255
41.88,-46.43789799910255
41.9,-46.437962875787825
41.92,-46.438027751597886
41.94,-46.438092626532736
41.96,-46.438157500592396
41.98,-46.438157500592396
42.0,-47.574878863363985
42.02,-47.575839663761464
42.04,-47.57843826362237
42.06,-47.58238925844901
42.08,-47.58751943059736
42.1,-47.59354277231783
42.12,-47.60039887209329
42.14,-47.6078590472548
42.16,-47.61586376708201
42.18,-47.624242138183554
42.2,-47.63293593680959
42.22,-47.64194289793285
42.24,-47.65109449357982
42.26,-47.66038956508057
42.28,-47.66977181814618
42.3,-47.679240485429254
42.32,-47.68868511416045
42.34,-47.69810577129209
42.36,-47.70750252364195
42.38,-47.71682101297132
42.4,-47.7260617174677
42.42,-47.73517095642549
42.44,-47.74420361984665
42.46,-47.753106278622205
42.48,-47.76182601808852
42.5,-47.770471319873266
42.52,-47.77893560374263
42.54,-47.78722004344263
42.56,-47.79537905282634
42.58,-47.80330710066761
42.6,-47.81111170241442
42.62,-47.81874066589183
42.64,-47.826195040071646
42.66,-47.83342314183959
42.68,-47.84053148610199
42.7,-47.84741573135836
42.72,-47.85412952375444
42.74,-47.86067377839616
42.76,-47.86704938589843
42.78,-47.87325721260791
42.8,-47.87924606817766
42.82,-47.88506897553324
42.84,-47.89072672216158
42.86,-47.896220072162606
42.88,-47.90154976644018
42.9,-47.90671652288736
42.92,-47.9116694799748
42.94,-47.9164610080627
42.96,-47.92114316830137
42.98,-47.92561367892641
43.0,-47.929975913396255
43.02,-47.93412780961568
43.04,-47.938172442770785
43.06,-47.94205906388381
43.08,-47.94578819117779
43.1,-47.94941132529252
43.12,-47.95287783689878
43.14,-47.95618818705259
43.16,-47.95939367329652
43.18,-47.962443768264734
43.2,-47.96538964653304
43.22,-47.968180841197075
43.24,-47.970868411773715
43.26,-47.97345259622443
43.28,-47.97593362320389
43.3,-47.97826113149581
43.32,-47.98048597772843
43.34,-47.982658875321086
43.36,-47.98467894806129
43.38,-47.98659692215767
43.4,-47.9884633987192
43.42,-47.99017764862913
43.44,-47.991840664081266
43.46,-47.993402159481505
43.48,-47.99491260993541
43.5,-47.996271448689924
43.52,-47.99762975086357
43.54,-47.99883668030475
43.56,-48.0000431861393
43.58,-48.00114877783834
43.6,-48.00215355255349
43.62,-48.00310781635343
43.64,-48.00401161118903
43.66,-48.00486497678292
43.68,-48.005617770270945
43.7,-48.00637039865787
43.72,-48.00702254307652
43.74,-48.00767456354351
43.76,-48.008226176374926
43.78,-48.00872756560416
43.8,-48.009228881530596
43.82,-48.00962988150191
43.84,-48.01003083457344
43.86,-48.010381630043454
43.88,-48.0106822833023
43.9,-48.01093280753934
43.92,-48.01118331346406
43.94,-48.01138370501998
43.96,-48.01153399099686
43.98,-48.01168427038262
44.0,-48.01178445297821
44.02,-48.011884632644666
44.04,-48.01193472137949
44.06,-48.01198480938207
44.08,-48.01198480938207
44.1,-48.01198480938207
44.12,-48.01193472137949
44.14,-48.011884632644666
44.16,-48.01183454317758
44.18,-48.01173436204656
44.2,-48.01163417798636
44.22,-48.01153399099686
44.24,-48.01143380107798
44.26,-48.01128351070684
44.28,-48.011133213744024
44.3,-48.01098291018922
44.32,-48.0107824951947
44.34,-48.01063217625728
44.36,-48.01043174075142
44.38,-48.01023129352374
44.4,-48.01003083457344
44.42,-48.00983036389976
44.44,-48.009579759070455
44.46,-48.0093792620163
44.48,-48.00912862420895
44.5,-48.00892810077039
44.52,-48.00867742998006
44.54,-48.008476880153154
44.56,-48.008226176374926
44.58,-48.00797545426796
44.6,-48.00777486338466
44.62,-48.00752410828213
44.64,-48.00727333484658
44.66,-48.00702254307652
44.68,-48.00682189645859
44.7,-48.00657107168255
44.72,-48.00632022856773
44.74,-48.00611954087093
44.76,-48.00586866474246
44.78,-48.005617770270945
44.8,-48.00541704148572
44.82,-48.00516611399289
44.84,-48.00496535878864
44.86,-48.00471439826956
44.88,-48.004513616642335
44.9,-48.004312823270304
44.92,-48.00411201815268
44.94,-48.00391120128869
44.96,-48.003660163689176
44.98,-48.003459320393
45.0,-48.00325846534792
45.02,-48.00310781635343
45.04,-48.00290694074589
45.06,-48.00270605338731
45.08,-48.002555380156274
45.1,-48.002354472231474
45.12,-48.00220378357489
45.14,-48.00200285508149
45.16,-48.00185215099756
45.18,-48.00170144030136
45.2,-48.001500482420106
45.22,-48.001349756294
45.24,-48.00119902355453
45.26,-48.001098531387285
45.28,-48.00094778762481
45.3,-48.000797037248084
45.32,-48.00064628025679
45.34,-48.000545771921004
45.36,-48.000395003904686
45.38,-48.00029448821858
45.4,-48.000193969592175
45.42,-48.0000431861393
45.44,-47.99994266016173
45.46,-47.99984213124351
45.48,-47.99974159938456
45.5,-47.99964106458477
45.52,-47.99954052684406
45.54,-47.99943998616231
45.56,-47.99933944253944
45.58,-47.999289169625044
45.6,-47.9991886215903
45.62,-47.99913834646992
45.64,-47.999037794023074
45.66,-47.998987516696594
45.68,-47.99888695983744
45.7,-47.99883668030475
45.72,-47.99878640003662
45.74,-47.99868583729405
45.76,-47.998635554819565
45.78,-47.998585271609606
45.8,-47.99853498766416
45.82,-47.99848470298321
45.84,-47.99843441756675
45.86,-47.99838413141477
45.88,-47.99833384452724
45.9,-47.99833384452724
45.92,-47.99828355690416
45.94,-47.998233268545526
45.96,-47.998182979451315
45.98,-47.998182979451315
46.0,-47.998132689621514
46.02,-47.998082399056116
46.04,-47.998082399056116
46.06,-47.99803210775511
46.08,-47.99803210775511
46.1,-47.997981815718475
46.12,-47.997981815718475
46.14,-47.997981815718475
46.16,-47.99793152294621
46.18,-47.99793152294621
46.2,-47.99793152294621
46.22,-47.99788122943829
46.24,-47.99788122943829
46.26,-47.99788122943829
46.28,-47.99788122943829
46.3,-47.99783093519471
46.32,-47.99783093519471
46.34,-47.99783093519471
46.36,-47.99783093519471
46.38,-47.99783093519471
46.4,-47.99783093519471
46.42,-47.99783093519471
46.44,-47.99783093519471
46.46,-47.99783093519471
46.48,-47.99783093519471
46.5,-47.99783093519471
46.52,-47.99783093519471
46.54,-47.99783093519471
46.56,-47.99783093519471
46.58,-47.99783093519471
46.6,-47.99783093519471
46.62,-47.99783093519471
46.64,-47.99783093519471
46.66,-47.99783093519471
46.68,-47.99783093519471
46.7,-47.99783093519471
46.72,-47.99783093519471
46.74,-47.99783093519471
46.76,-47.99783093519471
46.78,-47.99783093519471
46.8,-47.99783093519471
46.82,-47.99783093519471
46.84,-47.99783093519471
46.86,-47.99788122943829
46.88,-47.99788122943829
46.9,-47.99788122943829
46.92,-47.99788122943829
46.94,-47.99788122943829
46.96,-47.99788122943829
46.98,-47.99788122943829
47.0,-47.99788122943829
47.02,-47.99788122943829
47.04,-47.99793152294621
47.06,-47.99793152294621
47.08,-47.99793152294621
47.1,-47.99793152294621
47.12,-47.99793152294621
47.14,-47.99793152294621
47.16,-47.99793152294621
47.18,-47.99793152294621
47.2,-47.99793152294621
47.22,-47.997981815718475
47.24,-47.997981815718475
47.26,-47.997981815718475
47.28,-47.997981815718475
47.3,-47.997981815718475
47.32,-47.997981815718475
47.34,-47.997981815718475
47.36,-47.997981815718475
47.38,-47.997981815718475
47.4,-47.99803210775511
47.42,-47.99803210775511
47.44,-47.99803210775511
47.46,-47.99803210775511
47.48,-47.99803210775511
47.5,-47.99803210775511
47.52,-47.99803210775511
47.54,-47.99803210775511
47.56,-47.99803210775511
47.58,-47.99803210775511
47.6,-47.998082399056116
47.62,-47.998082399056116
47.64,-47.998082399056116
47.66,-47.998082399056116
47.68,-47.998082399056116
47.7,-47.998082399056116
47.72,-47.998082399056116
47.74,-47.998082399056116
47.76,-47.998082399056116
47.78,-47.998082399056116
47.8,-47.998082399056116
47.82,-47.998082399056116
47.84,-47.998082399056116
47.86,-47.998082399056116
47.88,-47.998082399056116
47.9,-47.998132689621514
47.92,-47.998132689621514
47.94,-47.998132689621514
47.96,-47.998132689621514
47.98,-47.998132689621514
48.0,-39.581923894655006
48.02,-39.569430576626445
48.04,-39.5347414372775
48.06,-39.4808764872757
48.08,-39.410318956630384
48.1,-39.32499038871887
48.12,-39.2262841862018
48.14,-39.115617444968855
48.16,-38.99369008508088
48.18,-38.861233219912016
48.2,-38.71879873125685
48.22,-38.56687586448374
48.24,-38.40550923796687
48.26,-38.23490095185339
48.28,-38.055034594088745
48.3,-37.8660804044786
48.32,-37.66783484346324
48.34,-37.459962983403734
48.36,-37.24248323117618
48.38,-37.01515717432168
48.4,-36.777801514325745
48.42,-36.52991560105939
48.44,-36.271428704424146
48.46,-36.00216950279697
48.48,-35.722065144756264
48.5,-35.430678057549024
48.52,-35.12812260833285
48.54,-34.81440471896533
48.56,-34.48965805006915
48.58,-34.153861251754286
48.6,-33.80772087954063
48.62,-33.45151508175516
48.64,-33.08563962132461
48.66,-32.71061118779073
48.68,-32.327825283884415
48.7,-31.937740731607402
48.72,-31.541685274622203
48.74,-31.13987326492314
48.76,-30.734690373589608
48.78,-30.32649682367721
48.8,-29.91699963253698
48.82,-29.507032454159443
48.84,-29.098383471341055
48.86,-28.691369808008297
48.88,-28.288266198580903
48.9,-27.889817386821196
48.92,-27.497212355378768
48.94,-27.11103539038339
48.96,-26.732318730658402
48.98,-26.362018099780062
49.0,-26.00044804551604
49.02,-25.6489460595144
49.04,-25.307081963325228
49.06,-24.976022597769084
49.08,-24.655724335692746
49.1,-24.346630650807025
49.12,-24.04854163323573
49.14,-23.762331957405046
49.16,-23.4865309899694
49.18,-23.22246987180386
49.2,-22.96971772058588
49.22,-22.727804067396523
49.24,-22.496791873515654
49.26,-22.276147741607428
49.28,-22.066440267800846
49.3,-21.866528314289663
49.32,-21.676381598703035
49.34,-21.495953107600972
49.36,-21.324630538919447
49.38,-21.16234935133723
49.4,-21.009036168244346
49.42,-20.86406710720057
49.44,-20.726823406423904
49.46,-20.597231404831884
49.48,-20.475751284597717
49.5,-20.361230640720894
49.52,-20.25306711747679
49.54,-20.15225577713539
49.56,-20.05713832561581
49.58,-19.96870956344258
49.6,-19.885856193117977
49.62,-19.808525349531173
49.64,-19.736666012033325
49.66,-19.669711118025493
49.68,-19.60761888324078
49.7,-19.550349605279106
49.72,-19.497351991393288
49.74,-19.449107418734688
49.76,-19.40456025966399
49.78,-19.363686852976574
49.8,-19.32646517696447
49.82,-19.292874919537084
49.84,-19.26289754061459
49.86,-19.236009360185463
49.88,-19.211691136197686
49.9,-19.190944500520086
49.92,-19.17224190463921
49.94,-19.156586793522262
49.96,-19.14346701031942
49.98,-19.1323730157608
50.0,-19.12330113759777
50.02,-19.11675204259671
50.04,-19.112219439109573
50.06,-19.109198333580373
50.08,-19.108191410472152
50.1,-19.108694865020837
50.12,-19.11121234790707
50.14,-19.11473741216597
50.16,-19.119774408068846
50.18,-19.126324593927755
50.2,-19.133381281606116
50.22,-19.142458186365868
50.24,-19.152044264680285
50.26,-19.16264525184736
50.28,-19.174262891485117
50.3,-19.18689908808803
50.32,-19.200049917656607
50.34,-19.213716441703482
50.36,-19.22840650565494
50.38,-19.243615309387543
50.4,-19.259344062634334
50.42,-19.27559401037434
50.44,-19.292366432296305
50.46,-19.309153705552518
50.48,-19.32646517696447
50.5,-19.344302190136535
50.52,-19.362155775977037
50.54,-19.380536705237553
50.56,-19.398423767552536
50.58,-19.416839031045452
50.6,-19.435783891029462
50.62,-19.454234248364155
50.64,-19.472701834065422
50.66,-19.491700306406532
50.68,-19.510202667412944
50.7,-19.52872209841481
50.72,-19.547258546542764
50.74,-19.565811958648272
50.76,-19.58438228130396
50.78,-19.602452923121476
50.8,-19.620539448694444
50.82,-19.638124378618993
50.84,-19.655724204652213
50.86,-19.67333888064828
50.88,-19.690449635274817
50.9,-19.707574292913336
50.92,-19.724712810777046
50.94,-19.740825217888816
50.96,-19.757470131643565
50.98,-19.77308646835479
51.0,-19.789235239682533
51.02,-19.80435306366255
51.04,-19.819481402410712
51.06,-19.834620226024793
51.08,-19.848724391635564
51.1,-19.8633604799676
51.12,-19.876959813095752
51.14,-19.890567482005366
51.16,-19.90418346475587
51.18,-19.916759424329516
51.2,-19.92934243175848
51.22,-19.941932469618898
51.24,-19.954004503529024
51.26,-19.9655576789306
51.28,-19.977116719506267
51.3,-19.988155808007754
51.32,-19.9986741717255
51.34,-20.009197350478477
51.36,-20.019198820856918
51.38,-20.028677890009117
51.4,-20.038160835553374
51.42,-20.047647649943293
51.44,-20.056610964685955
51.46,-20.06505016613257
51.48,-20.07349240747968
51.5,-20.081409764837357
51.52,-20.08880170078775
51.54,-20.096724202003674
51.56,-20.10359251677713
51.58,-20.110462822207996
51.6,-20.117335115404966
51.62,-20.123680532448898
51.64,-20.12949864850766
51.66,-20.135318182010614
51.68,-20.141139131196102
51.7,-20.146432130183463
51.72,-20.151726296371663
51.74,-20.156492042799776
51.76,-20.161258732614947
51.78,-20.166026364846573
51.8,-20.17026505054258
51.82,-20.174504479413173
51.84,-20.17821458877289
51.86,-20.181925266143754
51.88,-20.185636511066964
51.9,-20.188818029521283
51.92,-20.191999964326094
51.94,-20.195182315191804
51.96,-20.197834591861813
51.98,-20.200487157093956
52.0,-20.20314001072033
52.02,-20.205262501152383
52.04,-20.20791587346494
52.06,-20.210038778628043
52.08,-20.211631078376445
52.1,-20.213754305806628
52.12,-20.21534684715635
52.14,-20.216939491988846
52.16,-20.218532240267727
52.18,-20.219594129905875
52.2,-20.22118705051446
52.22,-20.222249055005342
52.24,-20.22331110541843
52.26,-20.224373201742914
52.28,-20.22490426711855
52.3,-20.225966432289876
52.32,-20.226497532082856
52.34,-20.22702864334558
52.36,-20.227559766076702
52.38,-20.228090900274864
52.4,-20.228622045938714
52.42,-20.229153203066907
52.44,-20.229153203066907
52.46,-20.229684371658085
52.48,-20.229684371658085
52.5,-20.229684371658085
52.52,-20.229684371658085
52.54,-20.229684371658085
52.56,-20.229684371658085
52.58,-20.229684371658085
52.6,-20.229684371658085
52.62,-20.229684371658085
52.64,-20.229153203066907
52.66,-20.229153203066907
52.68,-20.229153203066907
52.7,-20.228622045938714
52.72,-20.228622045938714
52.74,-20.228090900274864
52.76,-20.227559766076702
52.78,-20.227559766076702
52.8,-20.22702864334558
52.82,-20.226497532082856
52.84,-20.225966432289876
52.86,-20.225966432289876
52.88,-20.22543534396799
52.9,-20.22490426711855
52.92,-20.224373201742914
52.94,-20.223842147842422
52.96,-20.22331110541843
52.98,-20.22331110541843
53.0,-20.222780074472283
53.02,-20.222249055005342
53.04,-20.22171804701895
53.06,-20.22118705051446
53.08,-20.220656065493216
53.1,-20.220125091956568
53.12,-20.219594129905875
53.14,-20.219063179342477
53.16,-20.218532240267727
53.18,-20.218532240267727
53.2,-20.218001312682976
53.22,-20.21747039658956
53.24,-20.216939491988846
53.26,-20.216408598882175
53.28,-20.215877717270892
53.3,-20.21534684715635
53.32,-20.21481598853989
53.34,-20.21481598853989
53.36,-20.21428514142287
53.38,-20.213754305806628
53.4,-20.21322348169252
53.42,-20.212692669081893
53.44,-20.212692669081893
53.46,-20.21216186797608
53.48,-20.211631078376445
53.5,-20.21110030028433
53.52,-20.21110030028433
53.54,-20.21056953370108
53.56,-20.210038778628043
53.58,-20.210038778628043
53.6,-20.209508035066563
53.62,-20.20897730301799
53.64,-20.20897730301799
53.66,-20.208446582483667
53.68,-20.208446582483667
53.7,-20.20791587346494
53.72,-20.207385175963164
53.74,-20.207385175963164
53.76,-20.206854489979666
53.78,-20.206854489979666
53.8,-20.20632381551581
53.82,-20.20632381551581
53.84,-20.205793152572934
53.86,-20.205793152572934
53.88,-20.205262501152383
53.9,-20.205262501152383
53.92,-20.205262501152383
53.94,-20.204731861255503
53.96,-20.204731861255503
53.98,-20.204731861255503
54.0,-44.88266695060204
54.02,-44.89843654861358
54.04,-44.941862346965074
54.06,-45.00804364369692
54.08,-45.092729562579414
54.1,-45.191882301475545
54.12,-45.30236828882368
54.14,-45.42135022222046
54.16,-45.54640825220819
54.18,-45.67573129377536
54.2,-45.80742327265556
54.22,-45.94036394330269
54.24,-46.07324076309263
54.26,-46.20528617258846
54.28,-46.335625120486384
54.3,-46.46379697644128
54.32,-46.58922311425512
54.34,-46.711702375661545
54.36,-46.83090366977329
54.38,-46.94668607057177
54.4,-47.05878271197427
54.42,-47.167248560964644
54.44,-47.27200166337396
54.46,-47.373044843783056
54.48,-47.470389005040936
54.5,-47.56411730499565
54.52,-47.65424904532152
54.54,-47.740871138164025
54.56,-47.82406928378005
54.58,-47.903927648979405
54.6,-47.980528580901556
54.62,-48.05400946923789
54.64,-48.12444479310378
54.66,-48.191906850824964
54.68,-48.25657310687234
54.7,-48.3185048601
54.72,-48.37781307764141
54.74,-48.434602759606754
54.76,-48.48892329250991
54.78,-48.540920275086165
54.8,-48.59068243847105
54.82,-48.63824616073831
54.84,-48.683739730102616
54.86,-48.72728405657837
54.88,-48.76885703325378
54.9,-48.80861698097931
54.92,-48.846625131974214
54.94,-48.882939355456315
54.96,-48.91761432326251
54.98,-48.95070166595053
55.0,-48.9823340845246
55.02,-49.01251318509283
55.04,-49.0413221461043
55.06,-49.06879942554478
55.08,-49.09502154402897
55.1,-49.12002160444469
55.12,-49.14383087657647
55.14,-49.166557021378175
55.16,-49.18818710792408
55.18,-49.20874649876423
55.2,-49.22837342695152
55.22,-49.24701217050334
55.24,-49.264720766244615
55.26,-49.281555003240015
55.28,-49.29756860509848
55.3,-49.31277660301688
55.32,-49.32715660762044
55.34,-49.3408316976441
55.36,-49.35377704632523
55.38,-49.36603989240258
55.4,-49.37763028523325
55.42,-49.38859330025131
55.44,-49.39897279427934
55.46,-49.40874088043644
55.48,-49.41794014358694
55.5,-49.42661215318828
55.52,-49.43476263949887
55.54,-49.442431769074766
55.56,-49.44958952980223
55.58,-49.45634436990369
55.6,-49.46263078129472
55.62,-49.468486967519574
55.64,-49.4739848316836
55.66,-49.47905844291108
55.68,-49.48377895670685
55.7,-49.488148554004795
55.72,-49.49220329217604
55.74,-49.49591086614549
55.76,-49.49930691387774
55.78,-49.50242672565116
55.8,-49.50527144610132
55.82,-49.507842117451844
55.84,-49.51013968030496
55.86,-49.51223245241806
55.88,-49.51405358672069
55.9,-49.51570480749519
55.92,-49.517085498916074
55.94,-49.51829710602886
55.96,-49.51933990476642
55.98,-49.52018051471357
56.0,-49.520852773424274
56.02,-49.52135683378025
56.04,-49.52172640524016
56.06,-49.5219615550117
56.08,-49.522028736080344
56.1,-49.521995145800474
56.12,-49.52182718676737
56.14,-49.521524828443006
56.16,-49.521155223384994
56.18,-49.52065111720221
56.2,-49.52007965833379
56.22,-49.51940716528242
56.24,-49.5186671874681
56.26,-49.51785965750054
56.28,-49.516950835087314
56.3,-49.516007959617454
56.32,-49.51499729166072
56.34,-49.513918739019225
56.36,-49.5128059333316
56.38,-49.51162507614924
56.4,-49.510443591931896
56.42,-49.50919391206782
56.44,-49.507909726669475
56.46,-49.50662480060412
56.48,-49.50527144610132
56.5,-49.50391726970771
56.52,-49.50256227080354
56.54,-49.50117254266592
56.56,-49.499781949058
56.58,-49.49835654044218
56.6,-49.4969302222013
56.62,-49.495502993614984
56.64,-49.49410886788065
56.66,-49.49267983815759
56.68,-49.49124989594161
56.7,-49.48981904050994
56.72,-49.488421371512885
56.74,-49.48698870926532
56.76,-49.485589275091264
56.78,-49.48422313216709
56.8,-49.482856157706145
56.82,-49.48148835108105
56.84,-49.48011971166391
56.86,-49.47881873227168
56.88,-49.47748273390112
56.9,-49.476180228737704
56.92,-49.4749112757297
56.94,-49.47364160757938
56.96,-49.472405567898406
56.98,-49.47120321270201
57.0,-49.470000216281676
57.02,-49.4688309767814
57.04,-49.467661131387075
57.06,-49.46655954659854
57.08,-49.465457424432515
57.1,-49.464354764564526
57.12,-49.463320532306945
57.14,-49.462285826906694
57.16,-49.461250648095934
57.18,-49.460284053847964
57.2,-49.45931704675535
57.22,-49.45838418443493
57.24,-49.45748550937759
57.26,-49.45658647780266
57.28,-49.45572168798939
57.3,-49.454891179365035
57.32,-49.454094989808965
57.34,-49.4532985207457
57.36,-49.452536419117614
57.38,-49.451774061541705
57.4,-49.451080787007065
57.42,-49.45038730077759
57.44,-49.44969360277338
57.46,-49.449034393440215
57.48,-49.448409702903945
57.5,-49.447819559721495
57.52,-49.44722926331797
57.54,-49.44667355022163
57.56,-49.44611770131551
57.58,-49.445596469586675
57.6,-49.4451098788845
57.62,-49.44462318411462
57.64,-49.444136385249536
57.66,-49.44368426450021
57.68,-49.443266842565265
57.7,-49.4428493440959
57.72,-49.44246656991747
57.74,-49.44208373140095
57.76,-49.4417356405441
57.78,-49.4413874964942
57.8,-49.44107412136093
57.82,-49.44076070312581
57.84,-49.44044724178155
57.86,-49.440168573279216
57.88,-49.43992471038976
57.9,-49.439645977997294
57.92,-49.43943690633683
57.94,-49.439192965166455
57.96,-49.438983851960934
57.98,-49.438774719577346
58.0,-49.438600427939534
58.02,-49.43839126039049
58.04,-49.43825180470002
58.06,-49.43807747309582
58.08,-49.43793799821877
58.1,-49.4377985148133
58.12,-49.43765902287877
58.14,-49.43755439833029
58.16,-49.43741489146836
58.18,-49.43731025572358
58.2,-49.43724049589437
58.22,-49.43713585215134
58.24,-49.43706608698971
58.26,-49.43699631969498
58.28,-49.436926550267046
58.3,-49.436856778705845
58.32,-49.43682189212524
58.34,-49.43675211736398
58.36,-49.4367172291833
58.38,-49.43668234046925
58.4,-49.4366474512218
58.42,-49.43661256144096
58.44,-49.43661256144096
58.46,-49.43657767112671
58.48,-49.43657767112671
58.5,-49.43657767112671
58.52,-49.43657767112671
58.54,-49.43657767112671
58.56,-49.43657767112671
58.58,-49.43657767112671
58.6,-49.43657767112671
58.62,-49.43657767112671
58.64,-49.43661256144096
58.66,-49.43661256144096
58.68,-49.4366474512218
58.7,-49.4366474512218
58.72,-49.43668234046925
58.74,-49.43668234046925
58.76,-49.4367172291833
58.78,-49.43675211736398
58.8,-49.43678700501129
58.82,-49.43678700501129
58.84,-49.43682189212524
58.86,-49.436856778705845
58.88,-49.436891664753105
58.9,-49.436926550267046
58.92,-49.43696143524766
58.94,-49.43699631969498
58.96,-49.43703120360899
58.98,-49.43706608698971
59.0,-49.43710096983716
59.02,-49.43713585215134
59.04,-49.43717073393226
59.06,-49.43720561517994
59.08,-49.43724049589437
59.1,-49.43727537607558
59.12,-49.43731025572358
59.14,-49.43734513483837
59.16,-49.43741489146836
59.18,-49.437449768983576
59.2,-49.43748464596564
59.22,-49.43751952241454
59.24,-49.43755439833029
59.26,-49.43758927371291
59.28,-49.4376241485624
59.3,-49.43765902287877
59.32,-49.43769389666204
59.34,-49.43772876991221
59.36,-49.43776364262929
59.38,-49.43776364262929
59.4,-49.4377985148133
59.42,-49.43783338646424
59.44,-49.437868257582124
59.46,-49.437903128166965
59.48,-49.43793799821877
59.5,-49.43797286773754
59.52,-49.43800773672331
59.54,-49.43800773672331
59.56,-49.43804260517606
59.58,-49.43807747309582
59.6,-49.43811234048259
59.62,-49.43811234048259
59.64,-49.43814720733639
59.66,-49.43818207365722
59.68,-49.43818207365722
59.7,-49.4382169394451
59.72,-49.43825180470002
59.74,-49.43825180470002
59.76,-49.43828666942202
59.78,-49.43832153361109
59.8,-49.43832153361109
59.82,-49.43835639726724
59.84,-49.43835639726724
59.86,-49.43839126039049
59.88,-49.43839126039049
59.9,-49.43842612298084
59.92,-49.43842612298084
59.94,-49.43846098503831
59.96,-49.43846098503831
59.98,-49.4384958465629
